SubjNum,RT,acc,Cond,c.resp,qs
1,2.55,1,AB,2,<=.3
1,2.91,0,AB,2,<.7-1.0
1,3.02,1,AB,2,<.7-1.0
1,2.72,1,AB,2,>.3-<=.7
1,1.75,1,AB,2,<=.3
1,2.62,1,AB,2,>.3-<=.7
1,2.68,1,AB,1,>.3-<=.7
1,2.58,1,AB,1,>.3-<=.7
1,2.81,1,AB,1,<.7-1.0
1,2.03,1,AB,1,<=.3
1,1.84,1,AB,1,<=.3
1,1.81,1,AB,2,<=.3
1,4.46,0,AB,2,<.7-1.0
1,2.77,0,AB,1,<.7-1.0
1,2.67,1,AB,1,>.3-<=.7
1,4.19,1,AA,1,<.7-1.0
1,3.41,1,AA,2,<.7-1.0
1,3.54,0,AA,2,<.7-1.0
1,3.43,0,AA,1,<.7-1.0
1,2.92,1,AA,1,>.3-<=.7
1,2.08,1,AA,2,<=.3
1,2.53,1,AA,1,>.3-<=.7
1,2.16,1,AA,1,<=.3
1,2.16,1,AA,1,<=.3
1,2.99,1,AA,2,>.3-<=.7
1,2.4,1,AA,2,>.3-<=.7
1,1.81,1,AA,2,<=.3
1,2.7,1,AA,2,>.3-<=.7
1,4.96,1,AA,2,<.7-1.0
1,2.39,1,AA,1,<=.3
1,2.51,1,AA,1,>.3-<=.7
10,2.88,1,AB,1,>.3-<=.7
10,4.17,1,AB,1,<.7-1.0
10,2.35,1,AB,2,>.3-<=.7
10,4.68,1,AB,1,<.7-1.0
10,5.22,1,AB,1,<.7-1.0
10,3.08,1,AB,1,>.3-<=.7
10,1.93,1,AB,1,<=.3
10,4.3,0,AB,2,<.7-1.0
10,2.8,0,AB,2,>.3-<=.7
10,5.92,0,AB,2,<.7-1.0
10,1.35,1,AB,2,<=.3
10,2.66,1,AB,2,>.3-<=.7
10,1.5,0,AB,2,<=.3
10,2.14,1,AB,1,<=.3
10,1.72,1,AB,2,<=.3
10,2.77,1,AA,1,<=.3
10,3.3,0,AA,2,>.3-<=.7
10,2.9,1,AA,2,>.3-<=.7
10,1.61,1,AA,2,<=.3
10,2.52,0,AA,2,<=.3
10,4.2,1,AA,1,<.7-1.0
10,2.85,1,AA,1,>.3-<=.7
10,2.82,0,AA,2,<=.3
10,3.81,1,AA,1,<.7-1.0
10,3.98,0,AA,1,<.7-1.0
10,3.26,1,AA,2,>.3-<=.7
10,3.3,1,AA,2,>.3-<=.7
10,3.77,0,AA,1,<.7-1.0
10,3.54,1,AA,1,>.3-<=.7
10,2.71,1,AA,2,<=.3
10,3.6,1,AA,1,<.7-1.0
11,1.45,0,AB,1,<=.3
11,2.83,1,AB,2,>.3-<=.7
11,2.78,1,AB,2,>.3-<=.7
11,2.07,1,AB,2,<=.3
11,2.14,1,AB,2,>.3-<=.7
11,3.19,0,AB,2,<.7-1.0
11,1.15,1,AB,2,<=.3
11,4.85,1,AB,1,<.7-1.0
11,2.81,0,AB,1,>.3-<=.7
11,2.63,0,AB,1,>.3-<=.7
11,2.13,1,AB,1,<=.3
11,5.55,1,AB,1,<.7-1.0
11,2.02,1,AB,2,<=.3
11,4.14,1,AB,2,<.7-1.0
11,4.09,0,AB,1,<.7-1.0
11,2.63,1,AB,1,>.3-<=.7
11,3.57,1,AA,2,>.3-<=.7
11,5.14,0,AA,2,<.7-1.0
11,3.72,0,AA,1,>.3-<=.7
11,5.4,1,AA,2,<.7-1.0
11,5.17,0,AA,2,<.7-1.0
11,1.26,1,AA,2,<=.3
11,1.67,1,AA,2,<=.3
11,5.16,1,AA,1,<.7-1.0
11,3.92,1,AA,2,>.3-<=.7
11,3.33,1,AA,1,<=.3
11,5.53,0,AA,1,<.7-1.0
11,2.98,1,AA,1,<=.3
11,4.23,0,AA,1,>.3-<=.7
11,4.37,1,AA,2,>.3-<=.7
11,3.19,0,AA,1,<=.3
11,4.6,1,AA,1,>.3-<=.7
12,3.11,1,AB,1,>.3-<=.7
12,4.82,1,AB,1,<.7-1.0
12,2.58,1,AB,1,<=.3
12,3.27,0,AB,2,>.3-<=.7
12,4.51,0,AB,1,<.7-1.0
12,4.1,1,AB,2,>.3-<=.7
12,5.17,0,AB,1,<.7-1.0
12,2.67,1,AB,2,<=.3
12,3.88,1,AB,2,>.3-<=.7
12,3.43,0,AB,1,>.3-<=.7
12,2.53,1,AB,2,<=.3
12,2.21,1,AB,1,<=.3
12,5.4,1,AB,1,<.7-1.0
12,2.93,1,AB,2,>.3-<=.7
12,4.2,1,AA,1,>.3-<=.7
12,4.3,1,AA,1,>.3-<=.7
12,1.86,1,AA,1,<=.3
12,2.27,1,AA,2,<=.3
12,5.18,1,AA,1,<.7-1.0
12,5.32,1,AA,2,<.7-1.0
12,3.86,1,AA,1,<=.3
12,5.69,1,AA,2,<.7-1.0
12,4.93,1,AA,2,>.3-<=.7
12,5.9,1,AA,1,<.7-1.0
12,4.23,0,AA,2,>.3-<=.7
12,4.3,1,AA,2,>.3-<=.7
12,2.65,1,AA,2,<=.3
13,4.19,1,AB,1,<.7-1.0
13,3.59,0,AB,1,>.3-<=.7
13,3.81,1,AB,2,>.3-<=.7
13,3.12,1,AB,2,>.3-<=.7
13,2.75,1,AB,2,>.3-<=.7
13,4.56,0,AB,2,<.7-1.0
13,1.6,1,AB,2,<=.3
13,2.95,1,AB,1,>.3-<=.7
13,1.7,1,AB,1,<=.3
13,2.4,1,AB,2,<=.3
13,1.09,1,AB,1,<=.3
13,1.51,0,AB,1,<=.3
13,3.87,1,AB,2,<.7-1.0
13,4.24,0,AB,2,<.7-1.0
13,4.44,0,AB,1,<.7-1.0
13,2.45,1,AA,1,>.3-<=.7
13,4.21,1,AA,1,<.7-1.0
13,2.27,1,AA,1,>.3-<=.7
13,1.79,1,AA,2,<=.3
13,3,1,AA,2,<.7-1.0
13,1.56,1,AA,2,<=.3
13,3.03,1,AA,2,<.7-1.0
13,1.83,1,AA,2,>.3-<=.7
13,2.69,1,AA,1,>.3-<=.7
13,1.18,1,AA,1,<=.3
13,3.49,1,AA,1,<.7-1.0
13,1.52,1,AA,1,<=.3
13,2.81,1,AA,2,<.7-1.0
13,2.23,1,AA,1,>.3-<=.7
13,1.49,1,AA,2,<=.3
14,2.22,0,AB,2,<=.3
14,2.84,1,AB,1,>.3-<=.7
14,2.68,1,AB,2,>.3-<=.7
14,2.82,0,AB,1,>.3-<=.7
14,2.47,1,AB,2,>.3-<=.7
14,1.69,1,AB,2,<=.3
14,3.72,1,AB,1,<.7-1.0
14,1.49,1,AB,2,<=.3
14,2.12,1,AB,1,<=.3
14,3.38,1,AB,1,<.7-1.0
14,2.97,1,AB,2,<.7-1.0
14,2.14,1,AB,2,<=.3
14,5.46,0,AB,1,<.7-1.0
14,3.04,1,AB,1,<.7-1.0
14,2.93,1,AB,1,>.3-<=.7
14,4.7,1,AA,1,<.7-1.0
14,4.89,1,AA,2,<.7-1.0
14,3.18,0,AA,2,<=.3
14,3.35,1,AA,2,>.3-<=.7
14,3.32,1,AA,2,>.3-<=.7
14,4.69,1,AA,1,<.7-1.0
14,2.66,1,AA,1,<=.3
14,3.23,1,AA,1,>.3-<=.7
14,4.21,1,AA,2,<.7-1.0
14,2.78,1,AA,2,<=.3
14,3.33,1,AA,1,>.3-<=.7
14,2.5,1,AA,1,<=.3
14,4.03,1,AA,1,<.7-1.0
14,3.67,1,AA,1,>.3-<=.7
14,3.48,1,AA,2,>.3-<=.7
14,1.51,1,AA,2,<=.3
15,2.42,0,AB,2,>.3-<=.7
15,1.68,0,AB,2,<=.3
15,2.24,1,AB,2,>.3-<=.7
15,1.54,1,AB,1,<=.3
15,2.81,0,AB,1,<.7-1.0
15,3.23,1,AB,1,<.7-1.0
15,2.29,1,AB,2,>.3-<=.7
15,1.67,1,AB,1,<=.3
15,1.91,1,AB,1,>.3-<=.7
15,1.14,0,AB,2,<=.3
15,2.12,0,AB,2,>.3-<=.7
15,2.99,1,AB,1,<.7-1.0
15,1.01,0,AB,2,<=.3
15,2.78,1,AB,1,<.7-1.0
15,3.64,0,AB,2,<.7-1.0
15,1.71,1,AB,1,>.3-<=.7
15,5.29,1,AA,1,<.7-1.0
15,2.44,1,AA,2,>.3-<=.7
15,2.03,1,AA,2,>.3-<=.7
15,1.44,1,AA,1,<=.3
15,1.95,1,AA,1,<=.3
15,3.72,1,AA,1,<.7-1.0
15,2.2,1,AA,1,>.3-<=.7
15,1.82,1,AA,2,<=.3
15,4,1,AA,2,<.7-1.0
15,3.08,1,AA,1,>.3-<=.7
15,1.91,1,AA,2,<=.3
15,4.19,1,AA,2,<.7-1.0
15,1.08,1,AA,1,<=.3
15,2.4,1,AA,2,>.3-<=.7
15,3.52,1,AA,2,<.7-1.0
16,3.25,1,AB,1,>.3-<=.7
16,3.59,1,AB,2,>.3-<=.7
16,4.02,0,AB,2,<.7-1.0
16,3.19,1,AB,1,<=.3
16,4.07,0,AB,1,<.7-1.0
16,1.85,1,AB,2,<=.3
16,2.36,1,AB,2,<=.3
16,4.35,1,AB,2,<.7-1.0
16,3.55,1,AB,1,>.3-<=.7
16,3.73,1,AB,2,>.3-<=.7
16,4.76,1,AB,2,<.7-1.0
16,3.87,1,AB,1,<.7-1.0
16,1.81,1,AB,1,<=.3
16,3.3,1,AB,2,>.3-<=.7
16,2.88,1,AB,1,<=.3
16,1.24,1,AA,2,<=.3
16,2.24,1,AA,1,>.3-<=.7
16,3.09,1,AA,2,>.3-<=.7
16,2.03,1,AA,1,<=.3
16,3.36,1,AA,2,>.3-<=.7
16,1.87,1,AA,1,<=.3
16,4.4,1,AA,1,<.7-1.0
16,4.82,1,AA,2,<.7-1.0
16,2.53,0,AA,1,>.3-<=.7
16,2.98,1,AA,2,>.3-<=.7
16,1.52,1,AA,2,<=.3
16,3.67,0,AA,2,<.7-1.0
16,3.13,1,AA,2,>.3-<=.7
16,5.05,0,AA,1,<.7-1.0
16,3.74,1,AA,1,<.7-1.0
16,1.74,1,AA,1,<=.3
17,2.8,1,AB,2,>.3-<=.7
17,3.33,1,AB,1,<.7-1.0
17,2.85,1,AB,2,>.3-<=.7
17,3.5,1,AB,1,<.7-1.0
17,1.46,1,AB,2,<=.3
17,3.25,1,AB,2,<.7-1.0
17,2.03,1,AB,1,<=.3
17,1.84,1,AB,1,<=.3
17,3.22,1,AB,1,>.3-<=.7
17,2.95,1,AB,2,>.3-<=.7
17,1.68,1,AB,1,<=.3
17,1.98,1,AB,1,<=.3
17,3.57,1,AB,2,<.7-1.0
17,2.44,1,AB,2,>.3-<=.7
17,4.3,1,AB,1,<.7-1.0
17,2.76,0,AB,2,>.3-<=.7
17,3.02,1,AA,1,<.7-1.0
17,2.48,1,AA,1,>.3-<=.7
17,2.33,1,AA,2,>.3-<=.7
17,1.9,1,AA,1,>.3-<=.7
17,3.71,1,AA,2,<.7-1.0
17,1.32,1,AA,1,<=.3
17,1.9,1,AA,1,>.3-<=.7
17,2.37,1,AA,2,>.3-<=.7
17,2.8,0,AA,2,<.7-1.0
17,1.67,1,AA,2,<=.3
17,1.5,1,AA,2,<=.3
17,2.77,1,AA,2,<.7-1.0
17,2.69,1,AA,1,<.7-1.0
17,1.83,1,AA,1,>.3-<=.7
17,1.5,1,AA,2,<=.3
17,1.37,1,AA,1,<=.3
18,2.52,1,AB,2,>.3-<=.7
18,1.71,0,AB,2,<=.3
18,0.87,1,AB,2,<=.3
18,2.4,1,AB,1,>.3-<=.7
18,2.36,1,AB,2,<=.3
18,1.96,0,AB,1,<=.3
18,2.53,1,AB,2,>.3-<=.7
18,3.05,1,AB,1,>.3-<=.7
18,4.18,1,AB,1,<.7-1.0
18,4.73,1,AB,2,<.7-1.0
18,3.35,1,AB,1,>.3-<=.7
18,4.31,0,AB,1,<.7-1.0
18,4.74,1,AB,1,<.7-1.0
18,4.71,0,AB,1,<.7-1.0
18,2.7,1,AB,2,>.3-<=.7
18,1.69,1,AB,2,<=.3
18,1.46,1,AA,2,<=.3
18,2.65,1,AA,1,>.3-<=.7
18,2.2,1,AA,1,>.3-<=.7
18,2.13,1,AA,2,<=.3
18,2.31,0,AA,1,>.3-<=.7
18,2.82,1,AA,2,>.3-<=.7
18,1,1,AA,2,<=.3
18,1.73,1,AA,1,<=.3
18,1.46,1,AA,1,<=.3
18,3.59,1,AA,2,>.3-<=.7
18,4.5,1,AA,1,<.7-1.0
18,4.05,1,AA,1,<.7-1.0
18,4.23,1,AA,2,<.7-1.0
18,4.01,0,AA,2,<.7-1.0
18,4.48,0,AA,2,<.7-1.0
2,5.39,1,AB,1,<.7-1.0
2,2.51,1,AB,1,<=.3
2,3.8,1,AB,1,>.3-<=.7
2,3.74,1,AB,2,>.3-<=.7
2,4.73,1,AB,2,<.7-1.0
2,5.43,1,AB,1,<.7-1.0
2,4.88,1,AB,1,<.7-1.0
2,4.64,1,AB,2,>.3-<=.7
2,3.13,1,AB,1,<=.3
2,3.54,1,AB,2,<=.3
2,2.89,1,AB,1,<=.3
2,4.52,0,AB,2,>.3-<=.7
2,2.69,0,AB,2,<=.3
2,5.98,1,AB,1,<.7-1.0
2,3.8,1,AB,2,>.3-<=.7
2,2.64,1,AA,2,>.3-<=.7
2,2.71,1,AA,2,>.3-<=.7
2,2.52,1,AA,2,<=.3
2,5.11,1,AA,1,<.7-1.0
2,5.49,1,AA,1,<.7-1.0
2,2.66,1,AA,2,>.3-<=.7
2,1.74,1,AA,1,<=.3
2,4.87,1,AA,1,<.7-1.0
2,2.92,1,AA,2,>.3-<=.7
2,2.49,1,AA,1,<=.3
2,2.6,1,AA,2,>.3-<=.7
2,1.84,1,AA,1,<=.3
2,3.15,1,AA,2,<.7-1.0
2,3.21,1,AA,2,<.7-1.0
2,2.5,1,AA,1,<=.3
20,3.17,1,AB,1,>.3-<=.7
20,4.25,0,AB,2,<.7-1.0
20,2.96,0,AB,2,>.3-<=.7
20,2.65,1,AB,1,<=.3
20,1,1,AB,1,<=.3
20,4.69,1,AB,2,<.7-1.0
20,3.3,1,AB,2,>.3-<=.7
20,3.1,1,AB,1,>.3-<=.7
20,2.25,1,AB,2,<=.3
20,1.54,0,AB,2,<=.3
20,3,0,AB,1,>.3-<=.7
20,3.36,1,AB,1,<.7-1.0
20,2.87,0,AB,1,<=.3
20,4.2,1,AB,2,<.7-1.0
20,4.04,1,AB,2,<.7-1.0
20,3.37,1,AA,1,>.3-<=.7
20,5.68,1,AA,2,<.7-1.0
20,1.59,0,AA,2,<=.3
20,2.89,0,AA,1,<=.3
20,1.57,1,AA,2,<=.3
20,3.47,1,AA,2,>.3-<=.7
20,3.28,1,AA,1,>.3-<=.7
20,3.35,0,AA,1,>.3-<=.7
20,4.34,1,AA,1,<.7-1.0
20,4.08,1,AA,1,<.7-1.0
20,2.48,1,AA,1,<=.3
20,2.45,1,AA,2,<=.3
20,3.31,1,AA,2,>.3-<=.7
20,3.71,1,AA,1,<.7-1.0
20,4.31,1,AA,2,<.7-1.0
20,3.6,0,AA,2,>.3-<=.7
21,3.84,1,AB,1,<.7-1.0
21,5.59,1,AB,1,<.7-1.0
21,1.96,0,AB,2,<=.3
21,3.66,1,AB,1,<.7-1.0
21,2.98,0,AB,1,>.3-<=.7
21,2.38,1,AB,2,>.3-<=.7
21,2.06,1,AB,2,<=.3
21,5.43,1,AB,2,<.7-1.0
21,2.26,1,AB,1,<=.3
21,2.16,1,AB,1,<=.3
21,3.13,0,AB,2,>.3-<=.7
21,3.06,1,AB,1,>.3-<=.7
21,5.13,1,AB,2,<.7-1.0
21,1.38,0,AB,1,<=.3
21,2.97,1,AB,2,>.3-<=.7
21,2.42,1,AA,2,<=.3
21,3.99,1,AA,1,>.3-<=.7
21,2.53,1,AA,1,<=.3
21,2.94,1,AA,1,>.3-<=.7
21,4.6,0,AA,2,<.7-1.0
21,1.11,1,AA,1,<=.3
21,3.72,0,AA,2,>.3-<=.7
21,4.74,1,AA,1,<.7-1.0
21,2.75,1,AA,1,>.3-<=.7
21,3.93,1,AA,1,>.3-<=.7
21,4.45,0,AA,2,<.7-1.0
21,4.09,1,AA,1,<.7-1.0
21,2.8,1,AA,2,>.3-<=.7
21,1.89,1,AA,2,<=.3
21,5.15,0,AA,2,<.7-1.0
21,2.2,0,AA,2,<=.3
22,2.27,0,AB,2,<=.3
22,1.3,1,AB,1,<=.3
22,3.17,1,AB,1,>.3-<=.7
22,4.55,0,AB,2,<.7-1.0
22,3.47,1,AB,2,>.3-<=.7
22,2.47,1,AB,1,<=.3
22,3.61,1,AB,2,<.7-1.0
22,4.1,1,AB,1,<.7-1.0
22,3.31,0,AB,2,>.3-<=.7
22,3.96,1,AB,1,<.7-1.0
22,2.16,1,AB,2,<=.3
22,1.79,0,AB,1,<=.3
22,4.28,1,AB,1,<.7-1.0
22,3.54,1,AB,2,>.3-<=.7
22,2.78,0,AB,1,>.3-<=.7
22,3.56,1,AB,2,>.3-<=.7
22,2.9,1,AA,1,<=.3
22,3.54,0,AA,2,>.3-<=.7
22,4.09,1,AA,1,<.7-1.0
22,4.5,1,AA,2,<.7-1.0
22,3.27,0,AA,2,<=.3
22,4,1,AA,1,<.7-1.0
22,3.51,1,AA,1,>.3-<=.7
22,5.86,0,AA,2,<.7-1.0
22,3.76,0,AA,1,>.3-<=.7
22,3.84,0,AA,1,<.7-1.0
22,2.95,1,AA,2,<=.3
22,3.77,1,AA,2,>.3-<=.7
22,1.65,0,AA,2,<=.3
22,3.54,1,AA,1,>.3-<=.7
22,2.53,1,AA,1,<=.3
23,3.59,1,AB,2,<.7-1.0
23,3.87,1,AB,2,<.7-1.0
23,1.99,1,AB,1,>.3-<=.7
23,1.83,1,AB,2,<=.3
23,1.71,1,AB,2,<=.3
23,2.71,1,AB,2,>.3-<=.7
23,1.77,1,AB,1,<=.3
23,3.25,1,AB,2,<.7-1.0
23,2.62,1,AB,1,>.3-<=.7
23,2.28,1,AB,1,>.3-<=.7
23,1.43,0,AB,1,<=.3
23,4.04,0,AB,2,<.7-1.0
23,2.87,0,AB,1,<.7-1.0
23,1.71,1,AB,2,<=.3
23,2.75,1,AB,1,>.3-<=.7
23,2.45,1,AB,1,>.3-<=.7
23,2.5,0,AA,1,>.3-<=.7
23,2.25,1,AA,1,<=.3
23,4.02,0,AA,2,<.7-1.0
23,3.29,1,AA,1,>.3-<=.7
23,1.46,1,AA,2,<=.3
23,4.34,1,AA,2,<.7-1.0
23,4.32,1,AA,1,<.7-1.0
23,2.13,1,AA,2,<=.3
23,3.63,1,AA,1,>.3-<=.7
23,2.07,1,AA,2,<=.3
23,3.09,1,AA,1,>.3-<=.7
23,2.54,1,AA,2,>.3-<=.7
23,2.3,1,AA,1,>.3-<=.7
23,4.24,0,AA,2,<.7-1.0
23,4.15,0,AA,1,<.7-1.0
23,1.81,1,AA,2,<=.3
24,1.82,1,AB,2,>.3-<=.7
24,1.37,0,AB,2,<=.3
24,0.95,0,AB,2,<=.3
24,2.54,0,AB,1,<.7-1.0
24,2.22,1,AB,1,>.3-<=.7
24,2.7,0,AB,1,<.7-1.0
24,1.7,0,AB,1,<=.3
24,1.38,1,AB,1,<=.3
24,2.7,0,AB,2,<.7-1.0
24,1.69,0,AB,1,<=.3
24,1.77,1,AB,1,>.3-<=.7
24,2.62,1,AB,1,<.7-1.0
24,2.01,1,AB,2,>.3-<=.7
24,2.16,1,AB,2,>.3-<=.7
24,2.63,1,AB,2,<.7-1.0
24,2.29,1,AB,2,>.3-<=.7
24,3,1,AA,2,<.7-1.0
24,1.86,1,AA,2,<=.3
24,1.9,1,AA,1,>.3-<=.7
24,2.44,1,AA,2,<.7-1.0
24,1.87,0,AA,1,>.3-<=.7
24,1.58,1,AA,1,<=.3
24,1.87,1,AA,1,>.3-<=.7
24,1.28,1,AA,1,<=.3
24,2.4,1,AA,1,>.3-<=.7
24,2.7,1,AA,2,<.7-1.0
24,2.52,0,AA,1,<.7-1.0
24,2.37,1,AA,2,>.3-<=.7
24,1.58,1,AA,2,<=.3
24,3.45,0,AA,2,<.7-1.0
24,2.42,0,AA,1,>.3-<=.7
24,1.58,1,AA,2,<=.3
25,2.3,0,AB,2,<.7-1.0
25,1.2,1,AB,1,<=.3
25,0.82,1,AB,1,<=.3
25,1.52,1,AB,2,>.3-<=.7
25,1.4,1,AB,2,>.3-<=.7
25,2.59,1,AB,2,<.7-1.0
25,1.2,1,AB,1,<=.3
25,1.53,1,AB,1,>.3-<=.7
25,1.65,0,AB,1,>.3-<=.7
25,1.44,1,AB,2,>.3-<=.7
25,2.25,1,AB,1,>.3-<=.7
25,2.9,1,AB,1,<.7-1.0
25,2.96,0,AB,1,<.7-1.0
25,1.27,1,AB,2,<=.3
25,1.39,0,AB,2,<=.3
25,3.27,1,AB,2,<.7-1.0
25,1.91,1,AA,1,>.3-<=.7
25,2.72,1,AA,1,<.7-1.0
25,2.21,1,AA,2,<.7-1.0
25,1.93,1,AA,2,>.3-<=.7
25,2.24,1,AA,1,<.7-1.0
25,1.79,0,AA,1,>.3-<=.7
25,1.83,0,AA,2,>.3-<=.7
25,1.49,1,AA,1,<=.3
25,1.12,1,AA,1,<=.3
25,2.36,1,AA,1,<.7-1.0
25,1.76,1,AA,1,<=.3
25,1.91,1,AA,2,>.3-<=.7
25,1.09,1,AA,2,<=.3
25,1.57,0,AA,2,<=.3
25,3.44,1,AA,2,<.7-1.0
26,2.01,1,AB,1,<=.3
26,3.89,1,AB,1,<.7-1.0
26,4.5,0,AB,2,<.7-1.0
26,1.55,1,AB,2,<=.3
26,4.94,1,AB,2,<.7-1.0
26,1.84,1,AB,2,<=.3
26,2.48,1,AB,2,>.3-<=.7
26,5.32,1,AB,1,<.7-1.0
26,3.75,1,AB,2,<.7-1.0
26,2.33,1,AB,1,<=.3
26,1.25,1,AB,2,<=.3
26,2.37,1,AB,1,>.3-<=.7
26,2.61,1,AB,1,>.3-<=.7
26,3.08,0,AB,1,>.3-<=.7
26,2.54,0,AB,1,>.3-<=.7
26,2.39,1,AB,2,>.3-<=.7
26,1.6,1,AA,1,<=.3
26,1.54,1,AA,1,<=.3
26,1.49,0,AA,1,<=.3
26,1.75,1,AA,2,<=.3
26,3.39,0,AA,2,<.7-1.0
26,1.43,1,AA,1,<=.3
26,4.71,1,AA,2,<.7-1.0
26,3.76,1,AA,2,<.7-1.0
26,4.78,0,AA,2,<.7-1.0
26,2,1,AA,2,>.3-<=.7
26,2.38,1,AA,2,>.3-<=.7
26,2.07,1,AA,1,>.3-<=.7
26,2.76,1,AA,2,>.3-<=.7
26,2.7,1,AA,1,>.3-<=.7
26,2.96,1,AA,1,<.7-1.0
27,2.65,1,AB,2,>.3-<=.7
27,4.1,0,AB,1,<.7-1.0
27,2.56,1,AB,1,>.3-<=.7
27,3.48,0,AB,1,<.7-1.0
27,3.84,1,AB,2,<.7-1.0
27,4.93,0,AB,2,<.7-1.0
27,2.49,1,AB,1,<=.3
27,1.8,1,AB,1,<=.3
27,2.15,1,AB,2,<=.3
27,3.28,1,AB,2,>.3-<=.7
27,2.69,1,AB,1,>.3-<=.7
27,2.77,0,AB,2,>.3-<=.7
27,2.43,1,AB,2,<=.3
27,2.62,1,AB,1,>.3-<=.7
27,3.67,0,AB,1,<.7-1.0
27,1.95,1,AB,2,<=.3
27,4.9,1,AA,2,<.7-1.0
27,1.75,1,AA,1,<=.3
27,2.12,1,AA,2,<=.3
27,2.89,1,AA,2,>.3-<=.7
27,4.77,1,AA,1,<.7-1.0
27,4.28,1,AA,2,<.7-1.0
27,2.36,1,AA,1,>.3-<=.7
27,4.91,1,AA,1,<.7-1.0
27,4.47,0,AA,2,<.7-1.0
27,1.22,1,AA,2,<=.3
27,2.11,1,AA,2,<=.3
27,2.13,1,AA,1,>.3-<=.7
27,3.7,0,AA,1,>.3-<=.7
27,2.09,1,AA,2,<=.3
27,3.24,0,AA,1,>.3-<=.7
28,2.21,1,AB,2,<.7-1.0
28,1.23,1,AB,1,>.3-<=.7
28,1.07,1,AB,2,>.3-<=.7
28,1.2,1,AB,2,>.3-<=.7
28,0.58,1,AB,1,<=.3
28,0.68,1,AB,2,<=.3
28,1.16,1,AB,1,>.3-<=.7
28,1.24,0,AB,2,>.3-<=.7
28,0.77,0,AB,1,<=.3
28,2.67,0,AB,1,<.7-1.0
28,1.12,1,AB,2,>.3-<=.7
28,0.86,1,AB,2,<=.3
28,2.91,1,AB,1,<.7-1.0
28,1.28,0,AB,1,<.7-1.0
28,1.75,1,AB,2,<.7-1.0
28,0.66,0,AB,1,<=.3
28,2.08,0,AA,1,<.7-1.0
28,1.99,1,AA,1,>.3-<=.7
28,1.82,1,AA,2,>.3-<=.7
28,3.66,0,AA,2,<.7-1.0
28,1.03,1,AA,1,<=.3
28,2.22,1,AA,2,<.7-1.0
28,1.6,0,AA,1,>.3-<=.7
28,1.18,1,AA,1,<=.3
28,1.55,1,AA,1,>.3-<=.7
28,1.5,1,AA,2,>.3-<=.7
28,1.68,1,AA,2,>.3-<=.7
28,1.49,1,AA,2,<=.3
28,2.83,0,AA,2,<.7-1.0
28,0.86,1,AA,1,<=.3
28,0.86,0,AA,2,<=.3
28,2.58,1,AA,1,<.7-1.0
29,1.87,1,AB,2,<=.3
29,1.29,1,AB,2,<=.3
29,2.45,1,AB,1,>.3-<=.7
29,2.18,0,AB,1,<=.3
29,2.58,1,AB,1,>.3-<=.7
29,2.71,1,AB,2,>.3-<=.7
29,3.81,1,AB,1,<.7-1.0
29,4.26,1,AB,1,<.7-1.0
29,2.14,0,AB,2,<=.3
29,2.63,1,AB,2,>.3-<=.7
29,2.19,1,AB,1,>.3-<=.7
29,4.23,1,AB,1,<.7-1.0
29,2.82,1,AB,2,>.3-<=.7
29,3.35,1,AB,1,<.7-1.0
29,1.5,1,AB,2,<=.3
29,3,1,AB,2,<.7-1.0
29,2.19,1,AA,2,>.3-<=.7
29,2.65,0,AA,1,>.3-<=.7
29,1.23,1,AA,2,<=.3
29,2.79,1,AA,1,<.7-1.0
29,2.34,1,AA,2,>.3-<=.7
29,2.68,1,AA,1,<.7-1.0
29,1.87,1,AA,2,<=.3
29,1.62,1,AA,1,<=.3
29,3.15,1,AA,2,<.7-1.0
29,1.71,1,AA,1,<=.3
29,3.64,1,AA,1,<.7-1.0
29,1.65,1,AA,1,<=.3
29,2.07,1,AA,2,>.3-<=.7
29,2.73,1,AA,2,<.7-1.0
29,2.11,1,AA,1,>.3-<=.7
3,2.95,1,AB,2,>.3-<=.7
3,4.55,1,AB,1,<.7-1.0
3,4.4,1,AB,1,<.7-1.0
3,5.87,1,AB,1,<.7-1.0
3,1.59,1,AB,2,<=.3
3,1.74,0,AB,2,<=.3
3,3.93,1,AB,1,<.7-1.0
3,3.46,1,AB,2,>.3-<=.7
3,3.03,1,AB,2,>.3-<=.7
3,3.99,1,AB,1,<.7-1.0
3,2.49,0,AB,1,<=.3
3,3.17,1,AB,2,>.3-<=.7
3,2.28,1,AB,1,<=.3
3,3.64,1,AB,1,>.3-<=.7
3,2.94,1,AB,2,<=.3
3,3.42,1,AA,2,<.7-1.0
3,3.45,1,AA,2,<.7-1.0
3,4.02,1,AA,2,<.7-1.0
3,4.06,1,AA,1,<.7-1.0
3,2.37,0,AA,1,<=.3
3,2.46,1,AA,1,<=.3
3,2.05,1,AA,1,<=.3
3,1.7,1,AA,1,<=.3
3,2.15,1,AA,2,<=.3
3,2.54,1,AA,1,>.3-<=.7
3,2.48,1,AA,1,>.3-<=.7
3,2.51,0,AA,2,>.3-<=.7
3,3.32,1,AA,2,>.3-<=.7
3,3.36,1,AA,2,>.3-<=.7
3,3.2,1,AA,2,>.3-<=.7
3,4,0,AA,1,<.7-1.0
30,4.06,0,AB,1,<.7-1.0
30,2.78,1,AB,1,>.3-<=.7
30,1.67,0,AB,1,<=.3
30,2.55,0,AB,2,>.3-<=.7
30,2.89,1,AB,1,<.7-1.0
30,1.95,1,AB,1,<=.3
30,2.12,0,AB,2,<=.3
30,3.72,0,AB,2,<.7-1.0
30,2.1,0,AB,2,<=.3
30,2.29,1,AB,2,>.3-<=.7
30,2.62,1,AB,1,>.3-<=.7
30,3.3,1,AB,2,<.7-1.0
30,2.42,1,AB,1,>.3-<=.7
30,3.33,1,AB,1,<.7-1.0
30,2.28,1,AB,2,<=.3
30,2.32,0,AA,2,>.3-<=.7
30,2.28,1,AA,1,>.3-<=.7
30,2.4,1,AA,1,>.3-<=.7
30,2.74,1,AA,2,<.7-1.0
30,1.58,0,AA,2,<=.3
30,2.99,1,AA,1,<.7-1.0
30,2.17,1,AA,2,<=.3
30,2.5,1,AA,1,>.3-<=.7
30,3.07,1,AA,1,<.7-1.0
30,2.13,1,AA,2,<=.3
30,2.65,1,AA,2,>.3-<=.7
30,2.14,0,AA,2,<=.3
30,2.22,1,AA,1,>.3-<=.7
30,3.5,1,AA,2,<.7-1.0
30,3.6,1,AA,1,<.7-1.0
30,2.11,1,AA,1,<=.3
32,2.01,0,AB,1,>.3-<=.7
32,2.37,1,AB,2,>.3-<=.7
32,2.55,1,AB,2,<.7-1.0
32,1.81,1,AB,2,<=.3
32,3.01,1,AB,2,<.7-1.0
32,1.93,0,AB,1,<=.3
32,2.27,0,AB,1,>.3-<=.7
32,1.95,1,AB,1,>.3-<=.7
32,1.34,1,AB,2,<=.3
32,1.39,1,AB,1,<=.3
32,1.82,1,AB,2,<=.3
32,1.96,1,AB,1,>.3-<=.7
32,2.43,1,AB,2,<.7-1.0
32,2.48,1,AB,1,<.7-1.0
32,2.3,1,AB,1,>.3-<=.7
32,2.58,1,AB,2,<.7-1.0
32,5.11,1,AA,2,<.7-1.0
32,2.03,1,AA,1,<=.3
32,2.36,1,AA,2,>.3-<=.7
32,2.64,0,AA,1,>.3-<=.7
32,3.06,1,AA,1,<.7-1.0
32,2.85,1,AA,2,>.3-<=.7
32,1.58,1,AA,1,<=.3
32,2.98,0,AA,2,<.7-1.0
32,3.54,1,AA,2,<.7-1.0
32,1.4,1,AA,2,<=.3
32,2.09,0,AA,1,<=.3
32,2.55,0,AA,1,>.3-<=.7
32,2.82,1,AA,1,>.3-<=.7
32,3.02,1,AA,1,<.7-1.0
32,1.95,1,AA,2,<=.3
33,1.29,1,AB,1,<=.3
33,2.34,0,AB,1,>.3-<=.7
33,1.64,1,AB,2,<=.3
33,3.8,1,AB,2,<.7-1.0
33,3.18,0,AB,1,>.3-<=.7
33,3.41,1,AB,1,<.7-1.0
33,2.08,1,AB,1,>.3-<=.7
33,3.23,0,AB,1,<.7-1.0
33,1.93,1,AB,2,>.3-<=.7
33,1.8,1,AB,2,<=.3
33,2.61,1,AB,2,>.3-<=.7
33,2.73,0,AB,1,>.3-<=.7
33,3.3,1,AB,2,<.7-1.0
33,1.25,1,AB,1,<=.3
33,1.41,0,AB,2,<=.3
33,3.39,1,AB,2,<.7-1.0
33,2.96,0,AA,1,<.7-1.0
33,4.72,1,AA,2,<.7-1.0
33,1.76,1,AA,2,<=.3
33,1.15,1,AA,1,<=.3
33,3,1,AA,2,<.7-1.0
33,4.02,0,AA,2,<.7-1.0
33,2.61,0,AA,1,>.3-<=.7
33,2.95,1,AA,1,>.3-<=.7
33,3.44,1,AA,1,<.7-1.0
33,2.21,1,AA,1,>.3-<=.7
33,1.57,1,AA,1,<=.3
33,1.96,1,AA,1,<=.3
33,2.14,1,AA,2,>.3-<=.7
33,2.58,1,AA,2,>.3-<=.7
33,1.68,1,AA,2,<=.3
33,2.43,1,AA,2,>.3-<=.7
34,2.35,1,AB,1,<=.3
34,2.47,1,AB,1,>.3-<=.7
34,1.71,1,AB,2,<=.3
34,2.88,0,AB,1,>.3-<=.7
34,2.86,1,AB,2,>.3-<=.7
34,2.06,1,AB,1,<=.3
34,1.73,1,AB,1,<=.3
34,3.55,0,AB,2,<.7-1.0
34,3.74,1,AB,2,<.7-1.0
34,4.44,1,AB,2,<.7-1.0
34,2.9,1,AB,1,>.3-<=.7
34,3.13,1,AB,1,>.3-<=.7
34,2.36,0,AB,2,>.3-<=.7
34,3.86,1,AB,2,<.7-1.0
34,3.55,0,AB,2,<.7-1.0
34,2.22,1,AB,1,<=.3
34,4.32,0,AA,2,<.7-1.0
34,2.83,1,AA,2,>.3-<=.7
34,2.52,1,AA,2,>.3-<=.7
34,1.33,1,AA,2,<=.3
34,2.45,0,AA,2,>.3-<=.7
34,1.9,1,AA,1,<=.3
34,1.92,0,AA,1,<=.3
34,2.95,1,AA,1,<.7-1.0
34,2.98,1,AA,2,<.7-1.0
34,2.87,1,AA,2,>.3-<=.7
34,3.76,1,AA,1,<.7-1.0
34,1.33,1,AA,1,<=.3
34,3.29,1,AA,1,<.7-1.0
34,2.01,1,AA,2,<=.3
34,2.14,1,AA,1,>.3-<=.7
35,1.45,1,AB,2,<=.3
35,1.25,1,AB,1,<=.3
35,5.85,1,AB,1,<.7-1.0
35,1.59,1,AB,2,<=.3
35,3.12,0,AB,1,<.7-1.0
35,2.98,1,AB,1,>.3-<=.7
35,3.51,1,AB,2,<.7-1.0
35,1.43,1,AB,2,<=.3
35,2.65,1,AB,1,>.3-<=.7
35,1.66,1,AB,2,>.3-<=.7
35,3.09,0,AB,1,<.7-1.0
35,2.7,0,AB,2,>.3-<=.7
35,2.29,1,AB,2,>.3-<=.7
35,1.54,1,AB,2,<=.3
35,3.27,1,AB,1,<.7-1.0
35,4.61,1,AA,1,<.7-1.0
35,2.27,1,AA,2,<=.3
35,2.65,1,AA,2,>.3-<=.7
35,2.03,1,AA,2,<=.3
35,2.83,0,AA,2,>.3-<=.7
35,1.62,0,AA,2,<=.3
35,2.1,1,AA,1,<=.3
35,2.97,1,AA,2,>.3-<=.7
35,4.63,0,AA,2,<.7-1.0
35,5.23,0,AA,1,<.7-1.0
35,2.83,1,AA,1,>.3-<=.7
35,3.51,1,AA,2,>.3-<=.7
35,4.39,1,AA,1,<.7-1.0
36,5.49,1,AB,1,<.7-1.0
36,3.38,1,AB,2,<.7-1.0
36,3.3,1,AB,2,<.7-1.0
36,1.72,1,AB,1,<=.3
36,2.94,1,AB,1,<.7-1.0
36,2,1,AB,2,<=.3
36,1.62,1,AB,2,<=.3
36,2.18,1,AB,2,>.3-<=.7
36,1.63,1,AB,1,<=.3
36,2.13,1,AB,1,>.3-<=.7
36,2.15,1,AB,1,>.3-<=.7
36,2.47,1,AB,1,>.3-<=.7
36,2.88,1,AB,1,>.3-<=.7
36,1.55,1,AB,2,<=.3
36,2.8,1,AB,2,>.3-<=.7
36,2.99,1,AB,2,<.7-1.0
36,3.43,1,AA,1,<.7-1.0
36,2.75,1,AA,2,<.7-1.0
36,3.26,1,AA,2,<.7-1.0
36,5.63,1,AA,2,<.7-1.0
36,4.77,1,AA,2,<.7-1.0
36,1.31,1,AA,2,<=.3
36,2.08,1,AA,1,>.3-<=.7
36,2.41,1,AA,2,>.3-<=.7
36,1.14,1,AA,1,<=.3
36,1.44,1,AA,1,<=.3
36,2.24,1,AA,1,>.3-<=.7
36,1.15,1,AA,1,<=.3
36,1.84,1,AA,2,>.3-<=.7
36,2.21,0,AA,2,>.3-<=.7
36,1.46,1,AA,1,<=.3
37,2.07,0,AB,1,>.3-<=.7
37,2.02,1,AB,1,>.3-<=.7
37,1.62,1,AB,2,<=.3
37,1.35,1,AB,1,<=.3
37,2.1,0,AB,2,>.3-<=.7
37,2.33,1,AB,2,>.3-<=.7
37,2.58,1,AB,1,<.7-1.0
37,1.56,1,AB,1,<=.3
37,2.25,1,AB,2,>.3-<=.7
37,1.75,1,AB,2,<=.3
37,2.62,0,AB,2,<.7-1.0
37,3.73,1,AB,2,<.7-1.0
37,2.51,1,AB,1,<.7-1.0
37,1.69,1,AB,2,<=.3
37,2.34,1,AB,1,<.7-1.0
37,2.1,1,AB,1,>.3-<=.7
37,1.72,1,AA,1,<=.3
37,2.86,0,AA,1,<.7-1.0
37,2.72,0,AA,2,<.7-1.0
37,2.66,1,AA,2,>.3-<=.7
37,1.93,1,AA,2,<=.3
37,2.62,1,AA,1,>.3-<=.7
37,2.66,0,AA,2,>.3-<=.7
37,1.71,1,AA,1,<=.3
37,2.23,1,AA,2,<=.3
37,2.7,1,AA,1,>.3-<=.7
37,2.11,1,AA,2,<=.3
37,2.77,1,AA,2,<.7-1.0
37,2.91,1,AA,2,<.7-1.0
37,3,0,AA,1,<.7-1.0
37,2.58,1,AA,1,>.3-<=.7
38,3.2,0,AB,2,<.7-1.0
38,1.09,0,AB,2,<=.3
38,2.13,1,AB,1,>.3-<=.7
38,3.28,1,AB,1,<.7-1.0
38,3.28,1,AB,2,<.7-1.0
38,2.26,1,AB,1,>.3-<=.7
38,3.95,1,AB,1,<.7-1.0
38,1.45,1,AB,1,<=.3
38,2.07,0,AB,2,>.3-<=.7
38,1,1,AB,2,<=.3
38,2.5,0,AB,2,>.3-<=.7
38,2.12,1,AB,2,>.3-<=.7
38,3.96,0,AB,1,<.7-1.0
38,1.54,1,AB,2,<=.3
38,1.4,0,AB,1,<=.3
38,2.88,1,AB,1,>.3-<=.7
38,2.34,1,AA,2,>.3-<=.7
38,1.7,1,AA,2,>.3-<=.7
38,4.09,0,AA,1,<.7-1.0
38,2.66,1,AA,1,>.3-<=.7
38,2,1,AA,2,>.3-<=.7
38,1.45,1,AA,1,<=.3
38,3.07,0,AA,1,<.7-1.0
38,2.63,1,AA,2,>.3-<=.7
38,1.24,1,AA,1,<=.3
38,2.44,1,AA,2,>.3-<=.7
38,3.67,1,AA,1,<.7-1.0
38,1.35,1,AA,2,<=.3
38,1.69,1,AA,2,<=.3
38,1.59,1,AA,1,<=.3
38,3.03,1,AA,1,<.7-1.0
38,3.14,1,AA,2,<.7-1.0
4,4.68,0,AB,1,<.7-1.0
4,5.01,1,AB,1,<.7-1.0
4,4.7,1,AB,1,<.7-1.0
4,2.9,0,AB,2,<=.3
4,2.78,0,AB,2,<=.3
4,3.16,1,AB,2,>.3-<=.7
4,3.59,1,AB,1,>.3-<=.7
4,3.01,0,AB,1,<=.3
4,3.27,1,AB,1,>.3-<=.7
4,4.05,0,AB,2,<.7-1.0
4,2.8,1,AB,1,<=.3
4,3.44,0,AB,2,>.3-<=.7
4,3.52,1,AB,2,>.3-<=.7
4,3.35,1,AB,2,>.3-<=.7
4,2.31,1,AB,1,<=.3
4,3.59,1,AB,2,>.3-<=.7
4,4.34,1,AA,1,<.7-1.0
4,3.29,0,AA,1,<.7-1.0
4,3.22,1,AA,2,>.3-<=.7
4,2.32,1,AA,2,<=.3
4,2.22,1,AA,1,<=.3
4,2.93,1,AA,1,>.3-<=.7
4,3.4,1,AA,2,<.7-1.0
4,3.32,1,AA,2,<.7-1.0
4,2.46,1,AA,1,<=.3
4,1.93,1,AA,1,<=.3
4,1.99,1,AA,1,<=.3
4,2.9,1,AA,2,>.3-<=.7
4,3.15,1,AA,2,>.3-<=.7
4,3.82,1,AA,2,<.7-1.0
4,2.78,1,AA,1,>.3-<=.7
40,2.53,0,AB,2,>.3-<=.7
40,1.73,1,AB,1,<=.3
40,2.09,1,AB,2,<=.3
40,5.98,0,AB,1,<.7-1.0
40,1.96,1,AB,1,<=.3
40,5.43,1,AB,2,<.7-1.0
40,2.78,0,AB,2,>.3-<=.7
40,4.42,0,AB,1,<.7-1.0
40,2.2,1,AB,1,>.3-<=.7
40,4.57,0,AB,2,<.7-1.0
40,1.61,1,AB,1,<=.3
40,2.92,1,AB,2,>.3-<=.7
40,3.39,1,AB,1,>.3-<=.7
40,1.06,0,AB,2,<=.3
40,4.26,1,AB,2,<.7-1.0
40,3.18,0,AA,2,>.3-<=.7
40,5.78,1,AA,2,<.7-1.0
40,3.5,1,AA,2,>.3-<=.7
40,2.58,1,AA,2,<=.3
40,1.71,1,AA,2,<=.3
40,4.58,0,AA,1,<.7-1.0
40,4.37,1,AA,1,<.7-1.0
40,2.47,1,AA,1,<=.3
40,2.91,1,AA,2,>.3-<=.7
40,3.49,0,AA,2,>.3-<=.7
40,3.69,1,AA,1,<.7-1.0
40,2.16,1,AA,1,<=.3
40,3.52,1,AA,1,>.3-<=.7
40,3.52,1,AA,1,>.3-<=.7
40,2.66,0,AA,2,<=.3
41,4.28,1,AB,1,<.7-1.0
41,2.96,1,AB,2,<.7-1.0
41,2.38,1,AB,2,>.3-<=.7
41,2.92,0,AB,2,>.3-<=.7
41,4.94,1,AB,2,<.7-1.0
41,2.14,1,AB,1,<=.3
41,2.07,1,AB,1,<=.3
41,2.87,1,AB,1,>.3-<=.7
41,1.81,0,AB,1,<=.3
41,2.86,1,AB,1,>.3-<=.7
41,3.14,1,AB,2,<.7-1.0
41,2.06,1,AB,2,<=.3
41,2.38,1,AB,2,>.3-<=.7
41,1.68,1,AB,2,<=.3
41,2.39,1,AB,1,>.3-<=.7
41,3.37,0,AB,1,<.7-1.0
41,2.34,1,AA,1,<=.3
41,3.04,1,AA,2,>.3-<=.7
41,2.98,1,AA,1,>.3-<=.7
41,2.8,0,AA,2,>.3-<=.7
41,2.9,0,AA,1,>.3-<=.7
41,1.39,1,AA,1,<=.3
41,4.06,1,AA,2,<.7-1.0
41,2.45,0,AA,2,<=.3
41,2.71,1,AA,1,>.3-<=.7
41,4.8,0,AA,1,<.7-1.0
41,2.9,1,AA,1,>.3-<=.7
41,3.4,1,AA,2,<.7-1.0
41,3.45,1,AA,2,<.7-1.0
41,2.47,1,AA,2,<=.3
41,4.11,0,AA,2,<.7-1.0
41,1.77,1,AA,1,<=.3
42,3.56,0,AB,1,<.7-1.0
42,4.25,1,AB,2,<.7-1.0
42,2.42,0,AB,2,>.3-<=.7
42,1.66,1,AB,2,<=.3
42,1.97,1,AB,1,<=.3
42,2.27,1,AB,2,>.3-<=.7
42,2.26,1,AB,2,<=.3
42,2.39,1,AB,1,>.3-<=.7
42,2.32,1,AB,1,>.3-<=.7
42,3.06,1,AB,2,<.7-1.0
42,2.4,0,AB,2,>.3-<=.7
42,2.8,1,AB,1,<.7-1.0
42,2.52,1,AB,2,<.7-1.0
42,1.91,1,AB,1,<=.3
42,2.11,0,AB,1,<=.3
42,2.9,1,AA,2,<.7-1.0
42,3.49,1,AA,1,<.7-1.0
42,3.15,1,AA,1,<.7-1.0
42,2.83,1,AA,1,<.7-1.0
42,1.65,1,AA,1,<=.3
42,2.71,1,AA,2,>.3-<=.7
42,2.03,0,AA,2,<=.3
42,2.48,0,AA,1,>.3-<=.7
42,2.42,1,AA,2,>.3-<=.7
42,3.03,1,AA,2,<.7-1.0
42,2.19,1,AA,2,>.3-<=.7
42,2.12,1,AA,1,>.3-<=.7
42,1.72,0,AA,1,<=.3
42,1.43,1,AA,1,<=.3
42,1.29,1,AA,2,<=.3
42,2.32,0,AA,2,>.3-<=.7
43,3.97,1,AB,1,>.3-<=.7
43,2.64,1,AB,2,>.3-<=.7
43,5.58,1,AB,2,<.7-1.0
43,3.35,0,AB,2,>.3-<=.7
43,2.71,0,AB,1,>.3-<=.7
43,3.64,1,AB,1,>.3-<=.7
43,2.18,0,AB,2,<=.3
43,2.13,1,AB,1,<=.3
43,3.08,1,AB,1,>.3-<=.7
43,4.45,1,AB,1,<.7-1.0
43,3.97,1,AB,2,>.3-<=.7
43,1.93,0,AB,2,<=.3
43,4.05,0,AB,1,<.7-1.0
43,1.78,1,AB,2,<=.3
43,4.92,0,AA,1,<.7-1.0
43,2.34,1,AA,2,<=.3
43,3.59,1,AA,2,>.3-<=.7
43,4.58,1,AA,1,<.7-1.0
43,4.38,1,AA,1,<.7-1.0
43,3.71,1,AA,2,>.3-<=.7
43,4.2,0,AA,2,>.3-<=.7
43,4.75,0,AA,2,<.7-1.0
43,3.57,1,AA,1,>.3-<=.7
43,3.43,1,AA,2,>.3-<=.7
43,5.7,1,AA,1,<.7-1.0
43,2.23,1,AA,1,<=.3
43,2.4,1,AA,2,<=.3
43,3.21,1,AA,1,>.3-<=.7
43,3.03,1,AA,1,<=.3
43,2.45,1,AA,2,<=.3
44,3.29,0,AB,2,<.7-1.0
44,2.03,1,AB,1,>.3-<=.7
44,2.44,0,AB,2,>.3-<=.7
44,2.29,1,AB,1,>.3-<=.7
44,3.99,1,AB,2,<.7-1.0
44,1.95,1,AB,2,<=.3
44,1.93,1,AB,2,<=.3
44,5.6,1,AB,1,<.7-1.0
44,2.34,1,AB,2,>.3-<=.7
44,1.4,0,AB,2,<=.3
44,2.06,1,AB,1,>.3-<=.7
44,1.76,0,AB,2,<=.3
44,2.89,0,AB,1,>.3-<=.7
44,3.52,1,AB,1,<.7-1.0
44,3.62,1,AB,1,<.7-1.0
44,1.64,1,AB,1,<=.3
44,3.18,1,AA,2,>.3-<=.7
44,5.48,1,AA,2,<.7-1.0
44,1.37,1,AA,1,<=.3
44,3.24,1,AA,1,>.3-<=.7
44,2.65,1,AA,2,>.3-<=.7
44,2.62,1,AA,1,<=.3
44,3.29,1,AA,2,>.3-<=.7
44,3.69,0,AA,1,<.7-1.0
44,5.13,1,AA,1,<.7-1.0
44,2.23,0,AA,1,<=.3
44,2.37,1,AA,2,<=.3
44,2.16,1,AA,2,<=.3
44,3.74,0,AA,2,<.7-1.0
44,2.71,1,AA,1,>.3-<=.7
44,3.55,0,AA,1,<.7-1.0
45,3.68,1,AB,1,<.7-1.0
45,3.21,1,AB,1,<.7-1.0
45,2.31,1,AB,2,<=.3
45,2.41,0,AB,1,>.3-<=.7
45,2.68,1,AB,2,>.3-<=.7
45,2.41,1,AB,1,>.3-<=.7
45,2.88,1,AB,1,<.7-1.0
45,2.85,1,AB,2,<.7-1.0
45,2.48,1,AB,2,>.3-<=.7
45,2.78,1,AB,2,>.3-<=.7
45,2.31,1,AB,1,<=.3
45,2.17,1,AB,2,<=.3
45,2.63,1,AB,2,>.3-<=.7
45,3.39,1,AB,1,<.7-1.0
45,2.1,1,AB,2,<=.3
45,2.26,1,AB,1,<=.3
45,1.24,1,AA,2,<=.3
45,2.35,1,AA,1,>.3-<=.7
45,2.25,1,AA,2,>.3-<=.7
45,1.82,1,AA,2,<=.3
45,2.9,1,AA,2,<.7-1.0
45,2.4,0,AA,2,>.3-<=.7
45,1.99,1,AA,1,<=.3
45,2.97,1,AA,2,<.7-1.0
45,2.13,1,AA,2,>.3-<=.7
45,2.04,1,AA,1,<=.3
45,2.47,1,AA,1,>.3-<=.7
45,2.05,1,AA,2,<=.3
45,2.57,1,AA,1,<.7-1.0
45,2.59,0,AA,1,<.7-1.0
45,2.54,1,AA,1,<.7-1.0
46,5.15,1,AB,2,<.7-1.0
46,2.83,1,AB,2,>.3-<=.7
46,2.32,1,AB,2,>.3-<=.7
46,3.3,0,AB,2,>.3-<=.7
46,2.16,1,AB,1,>.3-<=.7
46,4.29,1,AB,1,<.7-1.0
46,2.14,1,AB,2,<=.3
46,3.81,1,AB,2,<.7-1.0
46,1.72,1,AB,1,<=.3
46,2.15,1,AB,2,<=.3
46,2.5,0,AB,1,>.3-<=.7
46,2.14,1,AB,1,<=.3
46,4.25,1,AB,2,<.7-1.0
46,2.29,1,AB,1,>.3-<=.7
46,3.47,0,AB,1,<.7-1.0
46,2.14,1,AB,1,<=.3
46,4.94,1,AA,2,<.7-1.0
46,3.07,1,AA,2,>.3-<=.7
46,2.83,1,AA,1,>.3-<=.7
46,4.61,0,AA,2,<.7-1.0
46,2.77,1,AA,1,<=.3
46,3.21,1,AA,2,>.3-<=.7
46,3.63,1,AA,1,>.3-<=.7
46,1.91,1,AA,1,<=.3
46,4.64,0,AA,2,<.7-1.0
46,2.85,1,AA,1,>.3-<=.7
46,2.22,1,AA,1,<=.3
46,1.79,1,AA,2,<=.3
46,4.75,0,AA,1,<.7-1.0
46,3.9,1,AA,2,<.7-1.0
46,2.7,1,AA,1,<=.3
49,2.27,1,AB,2,<=.3
49,4.28,1,AB,1,<.7-1.0
49,4.39,1,AB,2,<.7-1.0
49,2.67,1,AB,2,<=.3
49,3.68,1,AB,1,>.3-<=.7
49,4.34,0,AB,2,<.7-1.0
49,4.61,1,AB,1,<.7-1.0
49,4.28,1,AB,1,<.7-1.0
49,3.05,1,AB,2,>.3-<=.7
49,4.05,0,AB,2,>.3-<=.7
49,2.85,0,AB,1,<=.3
49,4.1,0,AB,2,>.3-<=.7
49,2.9,1,AB,1,>.3-<=.7
49,2.51,0,AB,1,<=.3
49,2.14,1,AB,2,<=.3
49,2.85,1,AB,1,<=.3
49,4.13,1,AA,2,>.3-<=.7
49,4.5,1,AA,2,<.7-1.0
49,3.93,1,AA,1,>.3-<=.7
49,4.16,1,AA,2,>.3-<=.7
49,4.73,0,AA,2,<.7-1.0
49,2.21,1,AA,2,<=.3
49,4,1,AA,1,>.3-<=.7
49,4.4,1,AA,2,>.3-<=.7
49,4.06,1,AA,1,>.3-<=.7
49,4.43,0,AA,1,<.7-1.0
49,4.46,1,AA,1,<.7-1.0
49,3.31,0,AA,2,<=.3
49,2.45,1,AA,1,<=.3
49,3.14,1,AA,1,<=.3
49,3.92,1,AA,1,<=.3
49,4.63,0,AA,2,<.7-1.0
51,2.44,1,AB,1,>.3-<=.7
51,1.51,1,AB,1,<=.3
51,1.89,1,AB,1,<=.3
51,1.28,1,AB,2,<=.3
51,1.9,0,AB,2,>.3-<=.7
51,1.55,0,AB,1,<=.3
51,2.31,0,AB,1,>.3-<=.7
51,4,0,AB,2,<.7-1.0
51,2.91,1,AB,1,<.7-1.0
51,1.88,1,AB,1,<=.3
51,2.03,1,AB,2,>.3-<=.7
51,2.14,1,AB,2,>.3-<=.7
51,2.99,1,AB,2,<.7-1.0
51,2.52,0,AB,2,>.3-<=.7
51,2.59,1,AB,1,<.7-1.0
51,2.53,1,AB,2,<.7-1.0
51,2.7,1,AA,2,>.3-<=.7
51,1.5,1,AA,1,<=.3
51,1.5,1,AA,2,<=.3
51,2.62,1,AA,1,>.3-<=.7
51,1.88,0,AA,2,<=.3
51,1.91,1,AA,1,<=.3
51,3.91,0,AA,1,<.7-1.0
51,2.94,0,AA,2,>.3-<=.7
51,2.92,0,AA,2,>.3-<=.7
51,3.08,1,AA,1,<.7-1.0
51,3.55,1,AA,2,<.7-1.0
51,3.49,1,AA,2,<.7-1.0
51,3.61,1,AA,1,<.7-1.0
51,2.74,1,AA,1,>.3-<=.7
51,2.77,1,AA,1,>.3-<=.7
51,2.24,1,AA,2,<=.3
52,1.18,1,AB,1,<=.3
52,1.9,0,AB,2,>.3-<=.7
52,1.87,0,AB,2,>.3-<=.7
52,1.55,1,AB,1,<=.3
52,2.35,1,AB,2,<.7-1.0
52,1.44,1,AB,2,<=.3
52,2.11,0,AB,2,<.7-1.0
52,1.58,1,AB,1,<=.3
52,1.83,1,AB,2,>.3-<=.7
52,2.16,1,AB,2,<.7-1.0
52,1.67,1,AB,1,>.3-<=.7
52,2.16,1,AB,1,<.7-1.0
52,2.59,0,AB,2,<.7-1.0
52,1.88,0,AB,1,>.3-<=.7
52,1.08,1,AB,1,<=.3
52,2.15,1,AA,1,<.7-1.0
52,1.26,1,AA,1,<=.3
52,1.31,1,AA,1,<=.3
52,1.6,1,AA,2,>.3-<=.7
52,1.87,1,AA,2,>.3-<=.7
52,1.38,1,AA,1,>.3-<=.7
52,1.91,0,AA,1,<.7-1.0
52,1.58,1,AA,2,>.3-<=.7
52,1.3,1,AA,2,<=.3
52,1.62,1,AA,1,>.3-<=.7
52,1.35,1,AA,2,<=.3
52,1.16,1,AA,1,<=.3
52,2.06,1,AA,1,<.7-1.0
52,2.12,0,AA,2,<.7-1.0
52,1.37,1,AA,2,>.3-<=.7
52,2.01,1,AA,2,<.7-1.0
53,4.43,1,AB,1,<.7-1.0
53,3.99,1,AB,2,<.7-1.0
53,1.82,0,AB,1,<=.3
53,2.08,1,AB,1,>.3-<=.7
53,2.54,1,AB,2,>.3-<=.7
53,2.7,0,AB,1,>.3-<=.7
53,2.6,1,AB,1,>.3-<=.7
53,1.92,0,AB,2,<=.3
53,3.19,1,AB,2,<.7-1.0
53,2.28,1,AB,2,>.3-<=.7
53,2.07,1,AB,1,<=.3
53,1.48,1,AB,1,<=.3
53,1.88,1,AB,2,<=.3
53,3.48,1,AB,2,<.7-1.0
53,2.49,1,AB,2,>.3-<=.7
53,3.22,1,AB,1,<.7-1.0
53,2.59,1,AA,2,<=.3
53,3.29,1,AA,2,>.3-<=.7
53,3.84,0,AA,2,<.7-1.0
53,4.74,0,AA,2,<.7-1.0
53,1.92,1,AA,2,<=.3
53,4.18,1,AA,2,<.7-1.0
53,3.02,1,AA,1,<=.3
53,3.53,1,AA,1,>.3-<=.7
53,4.8,0,AA,2,<.7-1.0
53,4.08,1,AA,1,<.7-1.0
53,3.11,0,AA,1,>.3-<=.7
53,2.45,1,AA,1,<=.3
53,3.33,1,AA,1,>.3-<=.7
53,2.44,1,AA,2,<=.3
53,3.05,1,AA,1,>.3-<=.7
54,3.47,1,AB,2,>.3-<=.7
54,2.93,1,AB,2,>.3-<=.7
54,1.5,1,AB,2,<=.3
54,3.51,0,AB,1,<.7-1.0
54,4.1,1,AB,2,<.7-1.0
54,2.15,1,AB,1,<=.3
54,3.03,1,AB,2,>.3-<=.7
54,1.59,1,AB,1,<=.3
54,1.03,1,AB,1,<=.3
54,2.16,0,AB,1,<=.3
54,4.19,0,AB,2,<.7-1.0
54,3.25,0,AB,1,>.3-<=.7
54,3.65,0,AB,2,<.7-1.0
54,3.31,1,AB,1,>.3-<=.7
54,2.48,0,AB,1,>.3-<=.7
54,4.36,1,AB,2,<.7-1.0
54,3.25,1,AA,2,>.3-<=.7
54,3.33,0,AA,1,>.3-<=.7
54,3.69,0,AA,1,<.7-1.0
54,2.34,1,AA,2,<=.3
54,3.95,1,AA,1,<.7-1.0
54,2.95,1,AA,2,>.3-<=.7
54,3.94,0,AA,1,<.7-1.0
54,3.94,1,AA,1,<.7-1.0
54,2.66,1,AA,1,>.3-<=.7
54,3.44,0,AA,2,>.3-<=.7
54,1.73,1,AA,1,<=.3
54,1.82,1,AA,2,<=.3
54,2.44,1,AA,2,<=.3
54,3.04,1,AA,2,>.3-<=.7
54,2.01,1,AA,2,<=.3
54,3.75,0,AA,1,<.7-1.0
55,2.54,1,AB,1,<.7-1.0
55,1.32,1,AB,1,<=.3
55,1.18,1,AB,2,<=.3
55,2.03,1,AB,1,>.3-<=.7
55,1.28,0,AB,1,<=.3
55,2.77,1,AB,2,<.7-1.0
55,1.35,1,AB,2,>.3-<=.7
55,2.32,0,AB,2,<.7-1.0
55,1.79,1,AB,1,>.3-<=.7
55,1.04,0,AB,1,<=.3
55,2.55,0,AB,2,<.7-1.0
55,2.74,0,AB,2,<.7-1.0
55,1.37,1,AB,2,>.3-<=.7
55,2.14,0,AB,2,>.3-<=.7
55,0.8,1,AB,1,<=.3
55,1.91,1,AB,1,>.3-<=.7
55,1.1,1,AA,1,<=.3
55,2.05,0,AA,2,>.3-<=.7
55,1.54,1,AA,1,<=.3
55,1.28,1,AA,2,<=.3
55,1.96,1,AA,1,>.3-<=.7
55,1.86,1,AA,1,>.3-<=.7
55,1.55,1,AA,1,<=.3
55,3.88,1,AA,2,<.7-1.0
55,2.61,1,AA,2,<.7-1.0
55,1.55,0,AA,2,<=.3
55,2.82,1,AA,2,<.7-1.0
55,2.3,1,AA,1,<.7-1.0
55,1.79,1,AA,1,>.3-<=.7
55,1.64,1,AA,2,>.3-<=.7
55,1.78,1,AA,1,>.3-<=.7
55,3.06,1,AA,2,<.7-1.0
56,2.16,1,AB,2,<.7-1.0
56,5.17,1,AB,2,<.7-1.0
56,0.97,1,AB,1,<=.3
56,1.53,1,AB,1,<=.3
56,1.47,1,AB,1,<=.3
56,2.09,0,AB,1,<.7-1.0
56,1.61,1,AB,1,>.3-<=.7
56,1.42,1,AB,2,<=.3
56,1.4,1,AB,2,<=.3
56,1.6,1,AB,2,>.3-<=.7
56,1.83,1,AB,2,>.3-<=.7
56,1.79,1,AB,1,>.3-<=.7
56,1.75,1,AB,2,>.3-<=.7
56,2.99,1,AB,1,<.7-1.0
56,2.43,0,AB,2,<.7-1.0
56,1.63,1,AB,1,>.3-<=.7
56,4.31,1,AA,1,<.7-1.0
56,1.56,1,AA,2,<=.3
56,0.94,1,AA,1,<=.3
56,1.38,1,AA,1,<=.3
56,1.01,1,AA,1,<=.3
56,1.15,1,AA,2,<=.3
56,2.42,1,AA,2,>.3-<=.7
56,2.51,1,AA,1,<.7-1.0
56,2.63,1,AA,1,<.7-1.0
56,1.99,1,AA,1,>.3-<=.7
56,2.49,0,AA,2,<.7-1.0
56,2.39,1,AA,2,>.3-<=.7
56,2.5,1,AA,2,<.7-1.0
56,2,1,AA,2,>.3-<=.7
56,2.08,0,AA,2,>.3-<=.7
57,4.41,1,AB,1,>.3-<=.7
57,4.92,1,AB,1,<.7-1.0
57,5.22,1,AB,2,<.7-1.0
57,3.78,1,AB,2,>.3-<=.7
57,3.5,1,AB,2,>.3-<=.7
57,4.58,1,AB,1,<.7-1.0
57,2.2,1,AB,1,<=.3
57,2.57,1,AB,2,<=.3
57,4.96,1,AB,1,<.7-1.0
57,2.68,1,AB,1,<=.3
57,3,1,AB,2,<=.3
57,4.13,1,AB,1,>.3-<=.7
57,2.91,1,AB,2,<=.3
57,4.45,0,AB,2,<.7-1.0
57,3.4,1,AB,2,>.3-<=.7
57,4.08,1,AA,2,<.7-1.0
57,3.26,1,AA,2,>.3-<=.7
57,4.01,1,AA,1,<.7-1.0
57,4.85,1,AA,2,<.7-1.0
57,3.32,1,AA,2,<.7-1.0
57,3.3,1,AA,1,>.3-<=.7
57,2.74,1,AA,2,<=.3
57,2.85,1,AA,2,>.3-<=.7
57,2.35,1,AA,2,<=.3
57,3.07,1,AA,1,>.3-<=.7
57,2.64,1,AA,1,<=.3
57,3.07,1,AA,1,>.3-<=.7
57,2.09,1,AA,1,<=.3
57,2.09,1,AA,2,<=.3
57,4.09,1,AA,1,<.7-1.0
58,5.31,1,AB,2,<.7-1.0
58,4.17,1,AB,1,<.7-1.0
58,5.17,0,AB,2,<.7-1.0
58,1.53,0,AB,2,<=.3
58,1.34,0,AB,2,<=.3
58,1.33,0,AB,2,<=.3
58,2.01,1,AB,1,>.3-<=.7
58,3.79,1,AB,1,>.3-<=.7
58,2.91,1,AB,2,>.3-<=.7
58,3.43,1,AB,1,>.3-<=.7
58,3.84,1,AB,2,<.7-1.0
58,2.45,0,AB,1,>.3-<=.7
58,1.55,1,AB,1,<=.3
58,3.88,1,AB,1,<.7-1.0
58,1.98,1,AB,2,<=.3
58,4.66,1,AA,1,<.7-1.0
58,2.7,1,AA,1,>.3-<=.7
58,3.88,0,AA,2,<.7-1.0
58,1.75,1,AA,1,<=.3
58,2.56,1,AA,2,<=.3
58,2.87,0,AA,1,>.3-<=.7
58,2.59,0,AA,2,<=.3
58,3.25,0,AA,2,<.7-1.0
58,4.2,1,AA,2,<.7-1.0
58,2.16,1,AA,1,<=.3
58,3.4,1,AA,2,<.7-1.0
58,3.14,0,AA,1,>.3-<=.7
58,2.64,1,AA,2,>.3-<=.7
58,3.15,1,AA,1,>.3-<=.7
58,2.41,1,AA,2,<=.3
59,3.98,1,AB,2,<.7-1.0
59,2.79,0,AB,2,<.7-1.0
59,4.23,1,AB,1,<.7-1.0
59,1.75,1,AB,2,<=.3
59,1.66,1,AB,1,<=.3
59,1.47,1,AB,1,<=.3
59,3.33,0,AB,1,<.7-1.0
59,2.39,0,AB,2,>.3-<=.7
59,2.36,1,AB,1,>.3-<=.7
59,2.66,1,AB,1,>.3-<=.7
59,3.2,1,AB,2,<.7-1.0
59,2.2,1,AB,1,>.3-<=.7
59,1.55,0,AB,2,<=.3
59,2.05,1,AB,2,>.3-<=.7
59,1.48,1,AB,1,<=.3
59,2.37,1,AB,2,>.3-<=.7
59,2.33,0,AA,2,<=.3
59,3.11,1,AA,2,>.3-<=.7
59,5.08,1,AA,1,<.7-1.0
59,3.55,0,AA,1,>.3-<=.7
59,4.11,1,AA,2,>.3-<=.7
59,2.75,1,AA,2,<=.3
59,2.63,1,AA,1,<=.3
59,4.66,1,AA,1,<.7-1.0
59,2.82,1,AA,1,>.3-<=.7
59,4.19,1,AA,2,>.3-<=.7
59,2.54,1,AA,1,<=.3
59,4.3,0,AA,1,<.7-1.0
59,2.26,1,AA,2,<=.3
59,5.42,1,AA,2,<.7-1.0
59,5.93,1,AA,1,<.7-1.0
6,3.9,1,AB,2,<.7-1.0
6,2.31,1,AB,1,<=.3
6,3.06,1,AB,2,<=.3
6,3.5,1,AB,1,>.3-<=.7
6,4.03,0,AB,1,<.7-1.0
6,3.99,0,AB,1,<.7-1.0
6,3.47,1,AB,1,>.3-<=.7
6,3.1,1,AB,2,>.3-<=.7
6,2.82,1,AB,2,<=.3
6,3.16,1,AB,2,>.3-<=.7
6,2.23,1,AB,1,<=.3
6,4.52,1,AB,1,<.7-1.0
6,2.22,1,AB,1,<=.3
6,5.16,1,AB,2,<.7-1.0
6,3.59,1,AB,2,>.3-<=.7
6,4.45,1,AA,1,<.7-1.0
6,3.41,1,AA,2,<.7-1.0
6,1.9,1,AA,2,<=.3
6,2.64,1,AA,1,<=.3
6,2.35,0,AA,1,<=.3
6,3.28,0,AA,2,>.3-<=.7
6,3.62,1,AA,2,<.7-1.0
6,2.58,1,AA,2,<=.3
6,4.75,1,AA,2,<.7-1.0
6,2.85,1,AA,2,>.3-<=.7
6,2.94,1,AA,1,>.3-<=.7
6,3.86,1,AA,1,<.7-1.0
6,3.39,1,AA,2,>.3-<=.7
6,3.26,1,AA,1,>.3-<=.7
6,2.46,1,AA,1,<=.3
6,2.97,0,AA,1,>.3-<=.7
7,3.72,1,AB,2,<.7-1.0
7,1.79,1,AB,1,>.3-<=.7
7,1.94,1,AB,2,>.3-<=.7
7,1.31,1,AB,2,<=.3
7,4.68,0,AB,2,<.7-1.0
7,1.59,1,AB,2,<=.3
7,4.88,1,AB,2,<.7-1.0
7,1.5,1,AB,1,<=.3
7,1.75,1,AB,1,>.3-<=.7
7,1.5,1,AB,1,<=.3
7,2.5,0,AB,1,<.7-1.0
7,1.9,0,AB,1,>.3-<=.7
7,0.91,1,AB,1,<=.3
7,3.65,0,AB,2,<.7-1.0
7,1.78,1,AB,1,>.3-<=.7
7,2.3,0,AA,1,<=.3
7,4.55,1,AA,2,<.7-1.0
7,3.21,1,AA,1,<.7-1.0
7,2.64,1,AA,2,>.3-<=.7
7,2.37,1,AA,1,<=.3
7,3.34,1,AA,1,<.7-1.0
7,2.42,1,AA,2,>.3-<=.7
7,3.2,1,AA,2,<.7-1.0
7,2.01,1,AA,2,<=.3
7,2.85,0,AA,1,>.3-<=.7
7,3.98,0,AA,2,<.7-1.0
7,2.33,0,AA,1,<=.3
7,2.05,1,AA,1,<=.3
7,2.37,1,AA,2,<=.3
7,2.81,0,AA,2,>.3-<=.7
7,2.62,1,AA,1,>.3-<=.7
8,2.46,1,AB,1,>.3-<=.7
8,2.01,1,AB,2,<=.3
8,4.8,1,AB,1,<.7-1.0
8,4.42,1,AB,1,<.7-1.0
8,3.75,0,AB,1,<.7-1.0
8,1.7,1,AB,1,<=.3
8,2.13,1,AB,2,>.3-<=.7
8,1.88,0,AB,1,<=.3
8,1.88,1,AB,2,<=.3
8,1.76,1,AB,2,<=.3
8,2.52,1,AB,1,<.7-1.0
8,4.83,1,AB,1,<.7-1.0
8,2.14,1,AB,2,>.3-<=.7
8,2.34,1,AB,2,>.3-<=.7
8,2.4,1,AB,2,>.3-<=.7
8,2.35,1,AA,2,<=.3
8,4.45,0,AA,1,<.7-1.0
8,3.46,0,AA,2,>.3-<=.7
8,4.06,1,AA,2,<.7-1.0
8,4.93,1,AA,1,<.7-1.0
8,1.78,1,AA,1,<=.3
8,3.55,0,AA,1,>.3-<=.7
8,3.02,1,AA,2,>.3-<=.7
8,3.2,1,AA,1,>.3-<=.7
8,4.27,1,AA,1,<.7-1.0
8,2.48,1,AA,2,>.3-<=.7
8,2.26,1,AA,2,<=.3
8,4.05,0,AA,2,<.7-1.0
8,2.47,1,AA,1,<=.3
8,2.57,1,AA,1,>.3-<=.7
8,1.61,1,AA,2,<=.3
9,1.68,1,AB,2,<=.3
9,1.9,1,AB,2,>.3-<=.7
9,2.15,1,AB,1,>.3-<=.7
9,1.44,1,AB,1,<=.3
9,2.58,1,AB,1,>.3-<=.7
9,1.29,1,AB,1,<=.3
9,4.11,1,AB,1,<.7-1.0
9,2.98,1,AB,1,<.7-1.0
9,1.99,1,AB,1,>.3-<=.7
9,3.03,1,AB,2,<.7-1.0
9,1.8,1,AB,2,<=.3
9,2.15,1,AB,1,>.3-<=.7
9,1.73,1,AB,2,<=.3
9,3.33,1,AB,2,<.7-1.0
9,5.12,0,AB,2,<.7-1.0
9,2.52,1,AA,2,>.3-<=.7
9,3.77,1,AA,1,<.7-1.0
9,2.64,1,AA,1,>.3-<=.7
9,1.99,1,AA,2,<=.3
9,2.8,1,AA,1,>.3-<=.7
9,3.59,1,AA,2,<.7-1.0
9,2.81,1,AA,1,>.3-<=.7
9,2.17,1,AA,2,<=.3
9,3.16,1,AA,1,<.7-1.0
9,1.98,1,AA,2,<=.3
9,2.42,1,AA,1,>.3-<=.7
9,3.25,1,AA,2,<.7-1.0
9,2.57,1,AA,1,>.3-<=.7
9,1.93,1,AA,2,<=.3
9,1.83,1,AA,1,<=.3
9,3.33,0,AA,2,<.7-1.0