RT,acc,Cond,c.resp,qs,SubjNum
6.06,1,AB,1,<.7-1.0,1
3.39,1,AB,1,>.3-<=.7,1
3.03,1,AB,1,<=.3,1
3.02,1,AB,2,<=.3,1
3.19,1,AB,1,>.3-<=.7,1
6.3,1,AB,2,<.7-1.0,1
16.74,1,AB,2,<.7-1.0,1
5.6,1,AB,2,>.3-<=.7,1
1.96,0,AB,2,<=.3,1
1.95,1,AB,1,<=.3,1
2.96,0,AB,1,<=.3,1
10.41,1,AB,2,<.7-1.0,1
3.62,1,AB,2,>.3-<=.7,1
3.08,1,AB,2,<=.3,1
13.06,1,AB,2,<.7-1.0,1
18.37,0,AB,1,<.7-1.0,1
5.47,0,AB,1,>.3-<=.7,1
5.65,0,AB,1,>.3-<=.7,1
7.71,1,AB,2,<.7-1.0,1
3.42,1,AB,2,>.3-<=.7,1
3.91,1,AB,1,>.3-<=.7,1
6.2,1,AB,2,<.7-1.0,1
2.72,1,AB,2,<=.3,1
4.96,1,AB,2,>.3-<=.7,1
3.68,1,AB,1,>.3-<=.7,1
8.93,1,AB,1,<.7-1.0,1
4.28,1,AB,1,>.3-<=.7,1
2.41,1,AB,2,<=.3,1
4.37,0,AB,2,>.3-<=.7,1
5.71,1,AB,1,<.7-1.0,1
2.23,0,AB,1,<=.3,1
1.87,1,AB,1,<=.3,1
5.45,1,AA,2,>.3-<=.7,1
5.56,1,AA,1,>.3-<=.7,1
11.41,1,AA,1,<.7-1.0,1
8.78,1,AA,2,<.7-1.0,1
6.28,1,AA,1,>.3-<=.7,1
5.39,0,AA,2,>.3-<=.7,1
12.54,1,AA,1,<.7-1.0,1
1.86,1,AA,1,<=.3,1
3.28,1,AA,1,<=.3,1
2.05,1,AA,2,<=.3,1
5.96,1,AA,2,>.3-<=.7,1
3.59,1,AA,1,<=.3,1
2,0,AA,2,<=.3,1
11.05,1,AA,2,<.7-1.0,1
6.18,1,AA,2,>.3-<=.7,1
2.43,1,AA,1,<=.3,1
3.51,1,AA,1,<=.3,1
8.65,1,AA,2,<.7-1.0,1
4.6,1,AA,1,>.3-<=.7,1
3.55,1,AA,1,<=.3,1
4.78,1,AA,1,>.3-<=.7,1
3.8,1,AA,1,>.3-<=.7,1
5.72,1,AA,1,>.3-<=.7,1
3.15,1,AA,2,<=.3,1
2.76,1,AA,1,<=.3,1
4.69,1,AA,2,>.3-<=.7,1
16.24,0,AA,2,<.7-1.0,1
6.74,1,AA,2,<.7-1.0,1
7.5,1,AA,2,<.7-1.0,1
6.82,1,AA,2,<.7-1.0,1
6.12,0,AA,1,>.3-<=.7,1
8.94,0,AA,2,<.7-1.0,1
11.53,1,AB,1,<.7-1.0,10
17.97,1,AB,1,<.7-1.0,10
5.96,1,AB,1,>.3-<=.7,10
11.9,1,AB,1,<.7-1.0,10
4.05,1,AB,2,<=.3,10
4.1,1,AB,2,<=.3,10
5.09,1,AB,1,<=.3,10
2.39,1,AB,1,<=.3,10
7.22,1,AB,2,>.3-<=.7,10
9.86,1,AB,2,<.7-1.0,10
8.59,1,AB,1,<.7-1.0,10
4.82,1,AB,2,<=.3,10
4.49,1,AB,2,<=.3,10
6.63,1,AB,2,>.3-<=.7,10
6.17,1,AB,1,>.3-<=.7,10
8.04,1,AB,2,>.3-<=.7,10
7.78,0,AB,2,>.3-<=.7,10
21.28,1,AB,1,<.7-1.0,10
5.88,1,AB,1,>.3-<=.7,10
4.61,1,AB,1,<=.3,10
6.29,1,AB,2,>.3-<=.7,10
8.57,1,AB,1,<.7-1.0,10
12.48,1,AB,2,<.7-1.0,10
4.38,1,AB,2,<=.3,10
9.75,1,AB,1,<.7-1.0,10
5.59,1,AB,1,>.3-<=.7,10
4.76,1,AB,2,<=.3,10
5.07,1,AB,2,<=.3,10
6.29,1,AB,2,>.3-<=.7,10
6.14,1,AB,2,>.3-<=.7,10
6.55,1,AB,1,>.3-<=.7,10
9.26,1,AB,1,<.7-1.0,10
17.78,1,AA,2,<.7-1.0,10
4.54,1,AA,1,>.3-<=.7,10
6.79,1,AA,2,<.7-1.0,10
4.14,1,AA,1,>.3-<=.7,10
4.42,1,AA,2,>.3-<=.7,10
11.68,0,AA,2,<.7-1.0,10
9.91,1,AA,1,<.7-1.0,10
6.62,1,AA,1,>.3-<=.7,10
2.64,1,AA,2,<=.3,10
4,1,AA,1,>.3-<=.7,10
6.3,1,AA,2,>.3-<=.7,10
7.84,0,AA,2,<.7-1.0,10
6.61,1,AA,2,>.3-<=.7,10
9.85,1,AA,2,<.7-1.0,10
4.67,1,AA,1,>.3-<=.7,10
11.73,1,AA,2,<.7-1.0,10
3.62,1,AA,2,<=.3,10
3.99,1,AA,1,<=.3,10
3.51,1,AA,2,<=.3,10
3.09,1,AA,2,<=.3,10
10.17,1,AA,1,<.7-1.0,10
2.91,1,AA,1,<=.3,10
6.39,1,AA,1,>.3-<=.7,10
3.5,1,AA,1,<=.3,10
1.97,1,AA,1,<=.3,10
4.34,0,AA,2,>.3-<=.7,10
2.65,1,AA,1,<=.3,10
5.38,1,AA,2,>.3-<=.7,10
11.68,1,AA,1,<.7-1.0,10
12.45,1,AA,1,<.7-1.0,10
2.42,1,AA,2,<=.3,10
4.24,1,AA,1,>.3-<=.7,10
15.37,1,AB,1,<.7-1.0,11
3.66,1,AB,1,<=.3,11
24.94,1,AB,1,<.7-1.0,11
9.51,1,AB,1,<.7-1.0,11
8.32,1,AB,1,<.7-1.0,11
4.83,1,AB,2,>.3-<=.7,11
7.71,0,AB,2,<.7-1.0,11
6.82,1,AB,1,<.7-1.0,11
5.52,1,AB,1,>.3-<=.7,11
5.53,1,AB,2,>.3-<=.7,11
4.53,1,AB,2,>.3-<=.7,11
19.31,1,AB,2,<.7-1.0,11
3.02,1,AB,2,<=.3,11
4.47,1,AB,1,>.3-<=.7,11
4.82,1,AB,2,>.3-<=.7,11
5.39,1,AB,1,>.3-<=.7,11
4.19,1,AB,1,>.3-<=.7,11
12.34,1,AB,2,<.7-1.0,11
2.64,1,AB,1,<=.3,11
2.44,1,AB,2,<=.3,11
5.56,1,AB,2,>.3-<=.7,11
4.08,1,AB,2,>.3-<=.7,11
4.64,1,AB,2,>.3-<=.7,11
9.26,1,AB,2,<.7-1.0,11
2.56,1,AB,1,<=.3,11
2.82,1,AB,1,<=.3,11
5.61,1,AB,2,>.3-<=.7,11
3.16,1,AB,2,<=.3,11
2.46,1,AB,1,<=.3,11
2.44,1,AB,1,<=.3,11
7.92,1,AB,1,<.7-1.0,11
2.35,1,AB,2,<=.3,11
4.9,1,AA,1,>.3-<=.7,11
2.87,1,AA,1,<=.3,11
5.11,1,AA,1,<.7-1.0,11
3.42,1,AA,2,>.3-<=.7,11
4.37,1,AA,1,>.3-<=.7,11
4.77,1,AA,1,>.3-<=.7,11
5.38,1,AA,1,<.7-1.0,11
2.38,1,AA,1,<=.3,11
16.79,1,AA,2,<.7-1.0,11
2.34,1,AA,1,<=.3,11
3.11,1,AA,2,<=.3,11
7.22,1,AA,2,<.7-1.0,11
4.4,1,AA,1,>.3-<=.7,11
3.09,1,AA,2,<=.3,11
11.1,1,AA,2,<.7-1.0,11
4.21,1,AA,2,>.3-<=.7,11
28.92,0,AA,1,<.7-1.0,11
6.97,1,AA,2,<.7-1.0,11
3.82,1,AA,2,>.3-<=.7,11
4.19,1,AA,1,>.3-<=.7,11
2.56,1,AA,1,<=.3,11
11.29,1,AA,1,<.7-1.0,11
2.28,1,AA,2,<=.3,11
2.16,0,AA,2,<=.3,11
4.17,1,AA,2,>.3-<=.7,11
9.57,1,AA,1,<.7-1.0,11
4.07,1,AA,1,>.3-<=.7,11
5.9,1,AA,2,<.7-1.0,11
2.89,1,AA,1,<=.3,11
5.09,0,AA,2,>.3-<=.7,11
2.63,1,AA,2,<=.3,11
4.18,1,AA,2,>.3-<=.7,11
3.64,1,AB,1,>.3-<=.7,12
2.25,1,AB,1,>.3-<=.7,12
4.85,1,AB,1,<.7-1.0,12
2.63,1,AB,1,>.3-<=.7,12
3.45,1,AB,1,>.3-<=.7,12
6.04,1,AB,1,<.7-1.0,12
2.47,1,AB,2,>.3-<=.7,12
10.07,0,AB,2,<.7-1.0,12
1.72,1,AB,2,<=.3,12
3.69,1,AB,2,>.3-<=.7,12
1.76,1,AB,2,<=.3,12
1.64,1,AB,1,<=.3,12
10.74,1,AB,2,<.7-1.0,12
2.06,1,AB,2,<=.3,12
1.83,1,AB,1,<=.3,12
1.73,1,AB,2,<=.3,12
1.99,1,AB,2,<=.3,12
4.84,0,AB,1,<.7-1.0,12
10.09,1,AB,1,<.7-1.0,12
6.41,1,AB,1,<.7-1.0,12
2.72,1,AB,2,>.3-<=.7,12
3.77,1,AB,1,<.7-1.0,12
4.37,1,AB,2,<.7-1.0,12
2.1,1,AB,1,<=.3,12
2.8,0,AB,2,>.3-<=.7,12
7.25,0,AB,2,<.7-1.0,12
1.25,1,AB,1,<=.3,12
2.7,1,AB,2,>.3-<=.7,12
2.66,1,AB,1,>.3-<=.7,12
2.02,1,AB,2,<=.3,12
3.57,0,AB,1,>.3-<=.7,12
3.14,1,AB,2,>.3-<=.7,12
4.74,1,AA,1,<.7-1.0,12
3.5,1,AA,2,>.3-<=.7,12
1.41,1,AA,2,<=.3,12
1.78,1,AA,1,<=.3,12
3.05,1,AA,2,>.3-<=.7,12
1.9,1,AA,1,<=.3,12
8.78,0,AA,1,<.7-1.0,12
2.5,1,AA,1,>.3-<=.7,12
4.13,1,AA,1,<.7-1.0,12
2.85,0,AA,2,>.3-<=.7,12
3.65,1,AA,2,>.3-<=.7,12
5.8,0,AA,2,<.7-1.0,12
4.07,1,AA,1,>.3-<=.7,12
5.69,0,AA,1,<.7-1.0,12
6.17,1,AA,1,<.7-1.0,12
3.47,1,AA,2,>.3-<=.7,12
5.76,0,AA,1,<.7-1.0,12
3.14,0,AA,2,>.3-<=.7,12
4.59,1,AA,2,<.7-1.0,12
2.56,1,AA,1,>.3-<=.7,12
1.65,1,AA,2,<=.3,12
8.9,1,AA,2,<.7-1.0,12
4.21,1,AA,1,<.7-1.0,12
2.44,1,AA,2,<=.3,12
1.23,1,AA,2,<=.3,12
1.91,1,AA,1,<=.3,12
3.32,1,AA,2,>.3-<=.7,12
1.81,1,AA,1,<=.3,12
3.21,1,AA,1,>.3-<=.7,12
2.24,1,AA,2,<=.3,12
1.33,1,AA,1,<=.3,12
2.51,1,AA,2,>.3-<=.7,12
6.68,1,AB,1,<.7-1.0,14
2.21,0,AB,2,>.3-<=.7,14
11.81,0,AB,2,<.7-1.0,14
1.8,1,AB,1,>.3-<=.7,14
4.44,0,AB,2,<.7-1.0,14
2.58,1,AB,1,>.3-<=.7,14
4.98,0,AB,1,<.7-1.0,14
1.76,1,AB,2,>.3-<=.7,14
1.28,1,AB,2,<=.3,14
5.67,0,AB,1,<.7-1.0,14
1.48,0,AB,1,<=.3,14
10.24,1,AB,2,<.7-1.0,14
0.95,1,AB,2,<=.3,14
1.97,1,AB,1,>.3-<=.7,14
1.26,0,AB,1,<=.3,14
2.01,0,AB,2,>.3-<=.7,14
2.22,1,AB,2,>.3-<=.7,14
2,1,AB,2,>.3-<=.7,14
2.76,0,AB,2,<.7-1.0,14
1.44,1,AB,2,<=.3,14
1.16,1,AB,1,<=.3,14
5.15,1,AB,1,<.7-1.0,14
1.62,1,AB,1,<=.3,14
2.26,1,AB,2,>.3-<=.7,14
1.33,0,AB,2,<=.3,14
1.83,0,AB,1,>.3-<=.7,14
6.1,0,AB,1,<.7-1.0,14
1.94,1,AB,1,>.3-<=.7,14
1.41,0,AB,2,<=.3,14
1.27,1,AB,1,<=.3,14
3.49,1,AB,2,<.7-1.0,14
2.17,0,AB,1,>.3-<=.7,14
3.31,0,AA,1,>.3-<=.7,14
6.79,1,AA,2,<.7-1.0,14
1.49,1,AA,1,<=.3,14
3.8,1,AA,1,<.7-1.0,14
5.77,0,AA,1,<.7-1.0,14
1.33,1,AA,2,<=.3,14
2.17,1,AA,1,>.3-<=.7,14
4.91,1,AA,1,<.7-1.0,14
4.43,0,AA,1,<.7-1.0,14
4.18,1,AA,2,<.7-1.0,14
3.64,1,AA,1,<.7-1.0,14
1.46,1,AA,2,<=.3,14
3.23,1,AA,1,>.3-<=.7,14
1.84,1,AA,2,<=.3,14
1.89,1,AA,2,>.3-<=.7,14
4.53,1,AA,2,<.7-1.0,14
2.46,1,AA,1,>.3-<=.7,14
2.55,0,AA,1,>.3-<=.7,14
3.69,1,AA,2,<.7-1.0,14
1.96,1,AA,2,>.3-<=.7,14
5.94,1,AA,1,<.7-1.0,14
2.52,1,AA,2,>.3-<=.7,14
2.13,1,AA,2,>.3-<=.7,14
1.34,1,AA,1,<=.3,14
1.56,1,AA,2,<=.3,14
2.18,1,AA,2,>.3-<=.7,14
1.88,1,AA,1,<=.3,14
2.06,1,AA,2,>.3-<=.7,14
1.68,1,AA,2,<=.3,14
2.83,1,AA,1,>.3-<=.7,14
1.13,1,AA,2,<=.3,14
1.86,1,AA,1,<=.3,14
3.11,1,AB,1,<=.3,15
7.48,1,AB,2,<.7-1.0,15
5.38,1,AB,2,>.3-<=.7,15
11.53,1,AB,2,<.7-1.0,15
6.41,0,AB,1,>.3-<=.7,15
7.03,0,AB,1,<.7-1.0,15
18.88,1,AB,2,<.7-1.0,15
5.07,1,AB,1,>.3-<=.7,15
4.98,1,AB,2,>.3-<=.7,15
9.02,1,AB,2,<.7-1.0,15
11.59,1,AB,2,<.7-1.0,15
3.3,1,AB,1,<=.3,15
5.01,1,AB,2,>.3-<=.7,15
4.53,0,AB,2,<=.3,15
5.44,0,AB,2,>.3-<=.7,15
5.2,1,AB,1,>.3-<=.7,15
5.22,0,AB,1,>.3-<=.7,15
19.24,1,AB,2,<.7-1.0,15
3.8,1,AB,1,<=.3,15
2.78,1,AB,2,<=.3,15
5.38,1,AB,1,>.3-<=.7,15
4.67,1,AB,1,>.3-<=.7,15
4.93,1,AB,1,>.3-<=.7,15
2.59,0,AB,1,<=.3,15
2.37,1,AB,2,<=.3,15
6.24,1,AB,1,>.3-<=.7,15
3.09,1,AB,1,<=.3,15
3.68,1,AB,1,<=.3,15
7.68,1,AB,2,<.7-1.0,15
10.01,0,AB,2,<.7-1.0,15
7.13,1,AB,2,<.7-1.0,15
2.73,0,AB,1,<=.3,15
2.93,1,AA,2,<=.3,15
8.35,1,AA,1,<.7-1.0,15
2.31,1,AA,2,<=.3,15
3.61,1,AA,1,>.3-<=.7,15
3.51,1,AA,2,>.3-<=.7,15
2.53,1,AA,2,<=.3,15
6.12,0,AA,2,>.3-<=.7,15
5.19,1,AA,1,>.3-<=.7,15
6.05,0,AA,1,>.3-<=.7,15
4.67,1,AA,1,>.3-<=.7,15
7.06,1,AA,2,>.3-<=.7,15
8.22,0,AA,2,<.7-1.0,15
4.82,1,AA,2,>.3-<=.7,15
2.75,1,AA,2,<=.3,15
2.67,1,AA,2,<=.3,15
2.9,1,AA,1,<=.3,15
4.78,1,AA,1,>.3-<=.7,15
7.88,1,AA,1,>.3-<=.7,15
23.29,0,AA,1,<.7-1.0,15
12.85,1,AA,2,<.7-1.0,15
4.1,1,AA,1,>.3-<=.7,15
4.53,0,AA,1,>.3-<=.7,15
11.23,0,AA,1,<.7-1.0,15
24.17,0,AA,2,<.7-1.0,15
16.42,1,AA,1,<.7-1.0,15
2.44,1,AA,1,<=.3,15
3.49,1,AA,2,<=.3,15
2.17,1,AA,2,<=.3,15
13.46,1,AA,2,<.7-1.0,15
22.09,1,AA,2,<.7-1.0,15
2.63,1,AA,1,<=.3,15
36.09,1,AA,1,<.7-1.0,15
6.2,0,AB,2,>.3-<=.7,16
10.99,0,AB,1,<.7-1.0,16
12.77,1,AB,1,<.7-1.0,16
10.84,1,AB,2,<.7-1.0,16
2.64,0,AB,1,<=.3,16
4.03,1,AB,1,>.3-<=.7,16
5.26,0,AB,2,>.3-<=.7,16
11.4,1,AB,1,<.7-1.0,16
5.29,1,AB,1,>.3-<=.7,16
12.14,0,AB,1,<.7-1.0,16
2.94,1,AB,2,<=.3,16
1.83,1,AB,2,<=.3,16
4.71,1,AB,1,>.3-<=.7,16
3.52,1,AB,2,>.3-<=.7,16
5.49,1,AB,2,>.3-<=.7,16
3.66,1,AB,1,>.3-<=.7,16
2.81,0,AB,1,<=.3,16
8.61,1,AB,2,<.7-1.0,16
14.13,0,AB,1,<.7-1.0,16
7.31,0,AB,1,<.7-1.0,16
2.68,1,AB,2,<=.3,16
7.42,1,AB,2,<.7-1.0,16
2.64,0,AB,1,<=.3,16
3.14,1,AB,2,>.3-<=.7,16
3.37,1,AB,1,>.3-<=.7,16
2.69,1,AB,2,<=.3,16
2.97,0,AB,2,>.3-<=.7,16
7.48,1,AB,2,<.7-1.0,16
2.77,1,AB,1,<=.3,16
2.76,1,AB,2,<=.3,16
2.15,0,AB,2,<=.3,16
4.16,1,AB,1,>.3-<=.7,16
5.88,1,AA,2,<.7-1.0,16
13.1,0,AA,2,<.7-1.0,16
3.99,1,AA,1,>.3-<=.7,16
4.18,1,AA,1,>.3-<=.7,16
4.38,1,AA,2,>.3-<=.7,16
14.5,1,AA,2,<.7-1.0,16
3.6,1,AA,2,<=.3,16
5.4,0,AA,2,>.3-<=.7,16
6.43,1,AA,2,<.7-1.0,16
11.26,1,AA,2,<.7-1.0,16
2.78,0,AA,2,<=.3,16
3.64,1,AA,1,<=.3,16
5.71,1,AA,2,<.7-1.0,16
3.74,1,AA,1,>.3-<=.7,16
4.95,1,AA,1,>.3-<=.7,16
5.03,1,AA,2,>.3-<=.7,16
12.46,0,AA,1,<.7-1.0,16
5.64,1,AA,1,<.7-1.0,16
3.88,0,AA,1,>.3-<=.7,16
3.44,1,AA,2,<=.3,16
5.62,0,AA,2,<.7-1.0,16
12.84,0,AA,2,<.7-1.0,16
3.88,1,AA,1,>.3-<=.7,16
1.74,0,AA,1,<=.3,16
3.39,1,AA,1,<=.3,16
4.64,1,AA,2,>.3-<=.7,16
3.28,1,AA,1,<=.3,16
3.4,0,AA,1,<=.3,16
2.03,1,AA,1,<=.3,16
2.07,1,AA,2,<=.3,16
3.68,1,AA,1,>.3-<=.7,16
3.82,0,AA,1,>.3-<=.7,16
6.23,1,AB,1,<.7-1.0,17
12.4,1,AB,1,<.7-1.0,17
3.46,1,AB,1,<=.3,17
5.32,1,AB,2,>.3-<=.7,17
9.78,0,AB,2,<.7-1.0,17
3.83,1,AB,2,>.3-<=.7,17
7.86,1,AB,1,<.7-1.0,17
5.46,0,AB,1,>.3-<=.7,17
4.52,1,AB,1,>.3-<=.7,17
10.89,1,AB,2,<.7-1.0,17
3.7,1,AB,1,>.3-<=.7,17
4.8,1,AB,1,>.3-<=.7,17
5.81,1,AB,2,>.3-<=.7,17
3.18,0,AB,1,<=.3,17
9.62,1,AB,2,<.7-1.0,17
6.15,1,AB,1,<.7-1.0,17
6.11,1,AB,2,>.3-<=.7,17
4.18,1,AB,2,>.3-<=.7,17
2.19,1,AB,1,<=.3,17
8.47,1,AB,2,<.7-1.0,17
4.5,1,AB,1,>.3-<=.7,17
1.64,1,AB,2,<=.3,17
2.25,1,AB,2,<=.3,17
1.95,1,AB,1,<=.3,17
9.76,1,AB,1,<.7-1.0,17
1.98,1,AB,2,<=.3,17
1.43,1,AB,2,<=.3,17
11.12,1,AB,1,<.7-1.0,17
5.49,1,AB,1,>.3-<=.7,17
2.43,0,AB,2,<=.3,17
2.34,1,AB,2,<=.3,17
6.14,1,AB,2,>.3-<=.7,17
4.91,1,AA,2,<.7-1.0,17
5.93,1,AA,1,<.7-1.0,17
3.37,1,AA,1,>.3-<=.7,17
3.73,1,AA,2,>.3-<=.7,17
1.84,1,AA,1,<=.3,17
3.02,1,AA,1,<=.3,17
5.05,0,AA,2,<.7-1.0,17
7.45,1,AA,1,<.7-1.0,17
3.75,1,AA,2,>.3-<=.7,17
3.3,1,AA,1,>.3-<=.7,17
6.59,1,AA,2,<.7-1.0,17
14.79,1,AA,2,<.7-1.0,17
1.85,1,AA,2,<=.3,17
3.97,1,AA,2,>.3-<=.7,17
3.67,0,AA,2,>.3-<=.7,17
2.05,1,AA,1,<=.3,17
3.52,1,AA,1,>.3-<=.7,17
2.72,1,AA,1,<=.3,17
1.54,1,AA,1,<=.3,17
4.53,1,AA,2,>.3-<=.7,17
5.47,1,AA,1,<.7-1.0,17
1.55,1,AA,2,<=.3,17
4.65,1,AA,1,>.3-<=.7,17
3.46,1,AA,2,>.3-<=.7,17
4.99,1,AA,1,<.7-1.0,17
9.43,0,AA,1,<.7-1.0,17
4.08,1,AA,1,>.3-<=.7,17
3.49,1,AA,2,>.3-<=.7,17
1.8,1,AA,2,<=.3,17
1.9,1,AA,1,<=.3,17
7.96,0,AA,2,<.7-1.0,17
2.01,1,AA,2,<=.3,17
2.72,1,AB,1,>.3-<=.7,18
2.07,1,AB,1,>.3-<=.7,18
1.85,1,AB,1,<=.3,18
4.22,1,AB,1,<.7-1.0,18
8.77,1,AB,1,<.7-1.0,18
3.38,1,AB,2,>.3-<=.7,18
3.35,1,AB,2,>.3-<=.7,18
3.97,0,AB,1,>.3-<=.7,18
3.73,1,AB,2,>.3-<=.7,18
1.67,1,AB,2,<=.3,18
2.08,1,AB,1,>.3-<=.7,18
7.56,1,AB,1,<.7-1.0,18
4.43,1,AB,2,<.7-1.0,18
5.52,1,AB,2,<.7-1.0,18
1.98,1,AB,1,<=.3,18
3.59,1,AB,2,>.3-<=.7,18
2.28,0,AB,2,>.3-<=.7,18
1.26,1,AB,2,<=.3,18
1.48,1,AB,1,<=.3,18
4.41,1,AB,1,<.7-1.0,18
2.97,1,AB,2,>.3-<=.7,18
2.05,0,AB,2,<=.3,18
3.73,1,AB,2,>.3-<=.7,18
2.18,1,AB,1,>.3-<=.7,18
4.12,1,AB,1,<.7-1.0,18
1.53,1,AB,2,<=.3,18
1.18,1,AB,2,<=.3,18
6.07,1,AB,1,<.7-1.0,18
8.3,1,AB,2,<.7-1.0,18
1.53,1,AB,2,<=.3,18
1.76,1,AB,1,<=.3,18
4.3,0,AB,1,<.7-1.0,18
2.93,1,AA,1,>.3-<=.7,18
1.73,1,AA,1,<=.3,18
9.87,0,AA,1,<.7-1.0,18
3.16,1,AA,2,>.3-<=.7,18
1.6,1,AA,1,<=.3,18
13.19,0,AA,2,<.7-1.0,18
3.75,0,AA,2,>.3-<=.7,18
5.52,1,AA,2,<.7-1.0,18
1.26,1,AA,1,<=.3,18
1.69,1,AA,2,<=.3,18
3.03,0,AA,2,>.3-<=.7,18
6.13,1,AA,1,<.7-1.0,18
4.25,1,AA,2,>.3-<=.7,18
2.38,1,AA,2,>.3-<=.7,18
3.07,1,AA,2,>.3-<=.7,18
2.15,1,AA,2,<=.3,18
15.43,1,AA,2,<.7-1.0,18
1.35,1,AA,1,<=.3,18
13.86,1,AA,2,<.7-1.0,18
2.97,1,AA,1,>.3-<=.7,18
10.36,0,AA,2,<.7-1.0,18
2.2,1,AA,1,>.3-<=.7,18
1.37,1,AA,2,<=.3,18
1.95,1,AA,2,<=.3,18
1.72,1,AA,1,<=.3,18
2.82,1,AA,1,>.3-<=.7,18
4.94,0,AA,1,<.7-1.0,18
4.73,1,AA,1,<.7-1.0,18
2.09,1,AA,1,<=.3,18
4.28,1,AA,1,>.3-<=.7,18
14.31,0,AA,2,<.7-1.0,18
2.63,1,AA,1,>.3-<=.7,18
11.38,1,AB,2,<.7-1.0,19
4.42,0,AB,1,>.3-<=.7,19
4.5,1,AB,1,>.3-<=.7,19
5.72,0,AB,1,<.7-1.0,19
3.99,1,AB,2,>.3-<=.7,19
3.3,0,AB,2,<=.3,19
4.08,0,AB,2,>.3-<=.7,19
4.53,1,AB,1,>.3-<=.7,19
3.54,1,AB,2,<=.3,19
3.87,1,AB,2,>.3-<=.7,19
3.44,1,AB,1,<=.3,19
3.72,1,AB,1,<=.3,19
3.9,1,AB,2,>.3-<=.7,19
2.81,1,AB,2,<=.3,19
4.39,1,AB,2,>.3-<=.7,19
5.16,1,AB,1,<.7-1.0,19
2.85,1,AB,2,<=.3,19
6.79,0,AB,2,<.7-1.0,19
9.33,1,AB,1,<.7-1.0,19
4.68,1,AB,1,<.7-1.0,19
3.81,1,AB,2,>.3-<=.7,19
6.94,1,AB,2,<.7-1.0,19
2.37,1,AB,1,<=.3,19
3.59,1,AB,1,<=.3,19
6.71,1,AB,2,<.7-1.0,19
3.88,1,AB,1,>.3-<=.7,19
4.42,1,AB,1,>.3-<=.7,19
2.66,0,AB,1,<=.3,19
6.69,1,AB,2,<.7-1.0,19
4.71,1,AB,1,<.7-1.0,19
4.29,1,AB,1,>.3-<=.7,19
3.13,0,AB,2,<=.3,19
5.16,0,AA,1,<.7-1.0,19
6.74,1,AA,2,<.7-1.0,19
6.52,1,AA,2,<.7-1.0,19
6.41,1,AA,2,<.7-1.0,19
3.03,1,AA,1,>.3-<=.7,19
2.91,1,AA,1,<=.3,19
8.08,0,AA,2,<.7-1.0,19
3.44,1,AA,2,>.3-<=.7,19
3,0,AA,2,<=.3,19
4.36,1,AA,2,>.3-<=.7,19
1.88,1,AA,1,<=.3,19
4.3,1,AA,1,>.3-<=.7,19
4.05,1,AA,1,>.3-<=.7,19
5.11,1,AA,1,>.3-<=.7,19
5.01,1,AA,2,>.3-<=.7,19
6.83,1,AA,1,<.7-1.0,19
3.94,1,AA,2,>.3-<=.7,19
6.52,1,AA,2,<.7-1.0,19
5.97,1,AA,1,<.7-1.0,19
3.52,1,AA,1,>.3-<=.7,19
1.53,1,AA,1,<=.3,19
2.26,0,AA,1,<=.3,19
2.95,1,AA,2,<=.3,19
4.19,1,AA,1,>.3-<=.7,19
2.91,1,AA,2,<=.3,19
5.13,0,AA,1,>.3-<=.7,19
5.64,1,AA,1,<.7-1.0,19
2.78,1,AA,2,<=.3,19
4.56,1,AA,1,>.3-<=.7,19
5.24,1,AA,2,<.7-1.0,19
2.73,1,AA,2,<=.3,19
1.95,0,AA,2,<=.3,19
4.35,1,AB,2,<=.3,2
8.28,1,AB,1,>.3-<=.7,2
8.73,1,AB,2,>.3-<=.7,2
10.86,1,AB,2,<.7-1.0,2
10.59,1,AB,2,<.7-1.0,2
7.75,1,AB,1,>.3-<=.7,2
6.56,1,AB,2,>.3-<=.7,2
4.96,1,AB,1,<=.3,2
10.08,1,AB,1,<.7-1.0,2
19.64,0,AB,2,<.7-1.0,2
6.45,1,AB,2,>.3-<=.7,2
6.03,1,AB,2,>.3-<=.7,2
5.27,1,AB,1,<=.3,2
8.82,1,AB,2,<.7-1.0,2
4.7,1,AB,1,<=.3,2
9.98,0,AB,2,<.7-1.0,2
7.69,1,AB,2,>.3-<=.7,2
10.02,0,AB,1,<.7-1.0,2
5.36,1,AB,1,<=.3,2
6.17,0,AB,1,>.3-<=.7,2
4.58,1,AB,2,<=.3,2
9.08,1,AB,1,<.7-1.0,2
5.45,1,AB,2,<=.3,2
8.53,1,AB,1,>.3-<=.7,2
6.11,1,AB,1,>.3-<=.7,2
8.77,1,AB,2,<.7-1.0,2
4.09,1,AB,2,<=.3,2
2.71,1,AB,1,<=.3,2
4.74,1,AB,1,<=.3,2
6.49,1,AB,2,>.3-<=.7,2
6.84,1,AB,1,>.3-<=.7,2
12.35,1,AB,1,<.7-1.0,2
6.53,1,AA,2,>.3-<=.7,2
3.36,1,AA,1,<=.3,2
5.36,1,AA,2,>.3-<=.7,2
9.87,1,AA,1,<.7-1.0,2
12.94,1,AA,2,<.7-1.0,2
15.45,1,AA,2,<.7-1.0,2
5.87,1,AA,2,>.3-<=.7,2
13.16,1,AA,1,<.7-1.0,2
7.75,1,AA,2,>.3-<=.7,2
3.27,1,AA,1,<=.3,2
16.68,1,AA,2,<.7-1.0,2
7.88,1,AA,2,>.3-<=.7,2
3.54,1,AA,2,<=.3,2
7.04,1,AA,1,>.3-<=.7,2
7.61,1,AA,1,>.3-<=.7,2
3.15,1,AA,1,<=.3,2
2.57,1,AA,1,<=.3,2
10.9,0,AA,1,<.7-1.0,2
18.24,1,AA,2,<.7-1.0,2
8.37,0,AA,2,>.3-<=.7,2
3.98,1,AA,1,<=.3,2
11.56,0,AA,1,<.7-1.0,2
10.36,1,AA,1,<.7-1.0,2
3.72,1,AA,2,<=.3,2
2.42,1,AA,1,<=.3,2
14.29,1,AA,2,<.7-1.0,2
4.72,1,AA,2,<=.3,2
7.32,1,AA,1,>.3-<=.7,2
8.18,1,AA,2,>.3-<=.7,2
7.93,1,AA,1,>.3-<=.7,2
4.9,1,AA,2,>.3-<=.7,2
3.12,1,AA,1,<=.3,2
4.8,1,AB,1,<.7-1.0,20
3.69,0,AB,2,>.3-<=.7,20
3.8,1,AB,2,<.7-1.0,20
3.98,1,AB,2,<.7-1.0,20
2.16,1,AB,2,<=.3,20
1.96,1,AB,2,<=.3,20
3.21,1,AB,2,>.3-<=.7,20
1.72,0,AB,2,<=.3,20
2.5,1,AB,1,>.3-<=.7,20
4.16,1,AB,1,<.7-1.0,20
12.91,1,AB,1,<.7-1.0,20
1.86,1,AB,1,<=.3,20
1.89,1,AB,1,<=.3,20
1.91,1,AB,2,<=.3,20
1.79,1,AB,1,<=.3,20
5.89,0,AB,2,<.7-1.0,20
2.56,0,AB,2,>.3-<=.7,20
2.02,1,AB,2,<=.3,20
2.18,1,AB,2,>.3-<=.7,20
1.84,0,AB,1,<=.3,20
2.2,1,AB,1,>.3-<=.7,20
4.78,1,AB,1,<.7-1.0,20
5.75,0,AB,2,<.7-1.0,20
2.28,1,AB,1,>.3-<=.7,20
10.53,1,AB,2,<.7-1.0,20
2.94,1,AB,2,>.3-<=.7,20
2.11,1,AB,1,<=.3,20
2.16,1,AB,2,<=.3,20
4.02,1,AB,1,<.7-1.0,20
2.71,1,AB,1,>.3-<=.7,20
3.33,1,AB,1,>.3-<=.7,20
3.79,1,AB,1,>.3-<=.7,20
2.73,1,AA,2,>.3-<=.7,20
3,1,AA,2,>.3-<=.7,20
5.93,1,AA,1,<.7-1.0,20
5.78,1,AA,1,<.7-1.0,20
6.61,1,AA,1,<.7-1.0,20
7.12,1,AA,2,<.7-1.0,20
2.18,0,AA,2,<=.3,20
3.36,1,AA,2,>.3-<=.7,20
1.4,1,AA,2,<=.3,20
2.47,1,AA,2,>.3-<=.7,20
1.72,1,AA,2,<=.3,20
4.88,1,AA,1,<.7-1.0,20
5.36,0,AA,1,<.7-1.0,20
2.64,0,AA,1,>.3-<=.7,20
1.83,1,AA,2,<=.3,20
1.57,1,AA,2,<=.3,20
2.37,1,AA,1,<=.3,20
3.15,1,AA,2,>.3-<=.7,20
1.92,1,AA,2,<=.3,20
3.67,0,AA,2,<.7-1.0,20
1.49,0,AA,1,<=.3,20
7.21,0,AA,1,<.7-1.0,20
2.47,1,AA,1,>.3-<=.7,20
2.01,0,AA,2,<=.3,20
2.48,1,AA,2,>.3-<=.7,20
3.42,1,AA,1,<.7-1.0,20
2.69,1,AA,1,>.3-<=.7,20
2.72,1,AA,1,>.3-<=.7,20
2.36,0,AA,1,<=.3,20
3.45,1,AA,2,<.7-1.0,20
2.79,1,AA,1,>.3-<=.7,20
2.37,0,AA,1,<=.3,20
1.89,0,AB,2,<=.3,21
2.12,1,AB,1,<=.3,21
4.73,1,AB,1,<.7-1.0,21
1.66,1,AB,2,<=.3,21
2.65,1,AB,2,>.3-<=.7,21
1.87,1,AB,1,<=.3,21
2.38,0,AB,1,>.3-<=.7,21
4.03,0,AB,2,<.7-1.0,21
4.24,1,AB,2,<.7-1.0,21
2.18,1,AB,1,>.3-<=.7,21
3.1,0,AB,2,>.3-<=.7,21
7.57,0,AB,2,<.7-1.0,21
2.15,1,AB,1,<=.3,21
2.82,1,AB,1,>.3-<=.7,21
1.48,1,AB,1,<=.3,21
9.49,1,AB,1,<.7-1.0,21
4.67,0,AB,1,<.7-1.0,21
2.62,0,AB,1,>.3-<=.7,21
4.54,1,AB,1,<.7-1.0,21
2.07,1,AB,2,<=.3,21
2.18,1,AB,2,>.3-<=.7,21
2.84,0,AB,2,>.3-<=.7,21
1.54,1,AB,1,<=.3,21
3.1,1,AB,2,>.3-<=.7,21
1.74,1,AB,1,<=.3,21
2.73,1,AB,2,>.3-<=.7,21
4.08,1,AB,2,<.7-1.0,21
4.26,1,AB,1,<.7-1.0,21
1.41,1,AB,2,<=.3,21
2.79,1,AB,1,>.3-<=.7,21
6.13,1,AB,2,<.7-1.0,21
2.76,1,AB,2,>.3-<=.7,21
2.63,1,AA,1,>.3-<=.7,21
6.47,1,AA,1,<.7-1.0,21
6.62,1,AA,1,<.7-1.0,21
15.51,0,AA,1,<.7-1.0,21
2.86,0,AA,2,>.3-<=.7,21
6.07,1,AA,2,<.7-1.0,21
2.33,1,AA,2,<=.3,21
1.71,1,AA,1,<=.3,21
2.01,1,AA,1,<=.3,21
3.29,1,AA,2,>.3-<=.7,21
16.09,1,AA,1,<.7-1.0,21
7.6,1,AA,2,<.7-1.0,21
4.16,1,AA,1,>.3-<=.7,21
2.56,1,AA,2,<=.3,21
3.24,1,AA,2,>.3-<=.7,21
9.09,1,AA,2,<.7-1.0,21
4.83,1,AA,1,>.3-<=.7,21
2.91,1,AA,2,>.3-<=.7,21
7.17,0,AA,2,<.7-1.0,21
2.5,1,AA,1,<=.3,21
5.16,1,AA,1,>.3-<=.7,21
9.88,1,AA,1,<.7-1.0,21
2.17,1,AA,1,<=.3,21
4.26,1,AA,2,>.3-<=.7,21
3.89,1,AA,2,>.3-<=.7,21
4.05,1,AA,2,>.3-<=.7,21
1.26,0,AA,1,<=.3,21
2.29,0,AA,2,<=.3,21
1.47,1,AA,2,<=.3,21
1.44,1,AA,1,<=.3,21
4.45,1,AA,2,>.3-<=.7,21
6.04,0,AA,1,<.7-1.0,21
10.92,1,AB,2,<.7-1.0,22
7.48,1,AB,1,<.7-1.0,22
5.15,1,AB,1,>.3-<=.7,22
5.7,0,AB,1,>.3-<=.7,22
7.07,1,AB,1,<.7-1.0,22
3.93,1,AB,1,<=.3,22
3.87,1,AB,1,<=.3,22
17.59,0,AB,1,<.7-1.0,22
6.11,1,AB,1,>.3-<=.7,22
7.2,1,AB,1,<.7-1.0,22
7.15,1,AB,2,<.7-1.0,22
6.3,1,AB,2,>.3-<=.7,22
7.97,1,AB,1,<.7-1.0,22
6.69,1,AB,1,>.3-<=.7,22
7.27,1,AB,1,<.7-1.0,22
2.85,1,AB,2,<=.3,22
6.45,1,AB,1,>.3-<=.7,22
4.05,1,AB,1,<=.3,22
2.72,1,AB,2,<=.3,22
3.85,0,AB,2,<=.3,22
6.23,0,AB,2,>.3-<=.7,22
4.66,1,AB,2,<=.3,22
3.3,1,AB,2,<=.3,22
7.29,0,AB,2,<.7-1.0,22
4.75,1,AB,1,<=.3,22
4.77,1,AB,1,>.3-<=.7,22
6.16,1,AB,2,>.3-<=.7,22
5.7,1,AB,2,>.3-<=.7,22
7.27,1,AB,2,<.7-1.0,22
5.73,1,AB,2,>.3-<=.7,22
5.73,0,AB,2,>.3-<=.7,22
2.68,1,AB,2,<=.3,22
4.29,0,AA,2,>.3-<=.7,22
7.76,0,AA,2,<.7-1.0,22
6.51,1,AA,1,<.7-1.0,22
7.32,0,AA,1,<.7-1.0,22
4.99,1,AA,2,<.7-1.0,22
3.47,1,AA,2,>.3-<=.7,22
4.31,0,AA,2,>.3-<=.7,22
3.25,1,AA,2,>.3-<=.7,22
7.08,1,AA,1,<.7-1.0,22
2.67,1,AA,1,<=.3,22
7.87,1,AA,1,<.7-1.0,22
2.73,0,AA,1,>.3-<=.7,22
6.37,1,AA,1,<.7-1.0,22
2.72,1,AA,1,<=.3,22
2.92,1,AA,2,>.3-<=.7,22
3.01,1,AA,2,>.3-<=.7,22
4.52,0,AA,2,<.7-1.0,22
2.01,0,AA,2,<=.3,22
1.91,1,AA,1,<=.3,22
4.91,1,AA,1,<.7-1.0,22
4.51,1,AA,1,>.3-<=.7,22
3.65,1,AA,2,>.3-<=.7,22
4.19,1,AA,2,>.3-<=.7,22
6.06,0,AA,1,<.7-1.0,22
2.14,1,AA,1,<=.3,22
2.39,1,AA,1,<=.3,22
2.91,1,AA,2,>.3-<=.7,22
2.8,1,AA,2,>.3-<=.7,22
1.78,1,AA,2,<=.3,22
2.47,1,AA,1,<=.3,22
2.72,1,AA,2,<=.3,22
2.61,1,AA,1,<=.3,22
6.46,0,AB,1,>.3-<=.7,23
31.35,0,AB,1,<.7-1.0,23
13.72,1,AB,2,<.7-1.0,23
15.74,0,AB,1,<.7-1.0,23
7.96,1,AB,2,>.3-<=.7,23
8.14,0,AB,2,>.3-<=.7,23
9.11,1,AB,2,<.7-1.0,23
15.11,0,AB,2,<.7-1.0,23
15.04,1,AB,2,<.7-1.0,23
6.25,1,AB,1,>.3-<=.7,23
8.21,1,AB,2,>.3-<=.7,23
3.31,1,AB,2,<=.3,23
8.44,1,AB,2,<.7-1.0,23
5.98,1,AB,1,>.3-<=.7,23
9.15,1,AB,1,<.7-1.0,23
5.73,1,AB,2,>.3-<=.7,23
8.75,1,AB,2,<.7-1.0,23
5.22,1,AB,1,<=.3,23
5.38,1,AB,1,>.3-<=.7,23
4.2,1,AB,2,<=.3,23
2.34,1,AB,1,<=.3,23
8.58,0,AB,1,<.7-1.0,23
4.71,1,AB,2,<=.3,23
6.2,0,AB,2,>.3-<=.7,23
2.92,1,AB,1,<=.3,23
3.39,1,AB,1,<=.3,23
3.2,1,AB,2,<=.3,23
4.99,1,AB,1,<=.3,23
7.01,1,AB,1,>.3-<=.7,23
4.8,1,AB,1,<=.3,23
7.08,1,AB,1,>.3-<=.7,23
5.26,1,AB,2,>.3-<=.7,23
9.97,1,AA,1,<.7-1.0,23
4.77,1,AA,2,>.3-<=.7,23
4.39,0,AA,2,>.3-<=.7,23
15.06,1,AA,2,<.7-1.0,23
4.59,1,AA,1,>.3-<=.7,23
20.16,0,AA,1,<.7-1.0,23
7.79,1,AA,1,<.7-1.0,23
11.68,1,AA,2,<.7-1.0,23
12.11,1,AA,2,<.7-1.0,23
5.51,1,AA,1,>.3-<=.7,23
16.81,1,AA,1,<.7-1.0,23
7.7,1,AA,1,<.7-1.0,23
3.85,1,AA,2,>.3-<=.7,23
3.77,1,AA,1,<=.3,23
3.3,1,AA,2,<=.3,23
8.53,1,AA,2,<.7-1.0,23
4.58,1,AA,1,>.3-<=.7,23
4.2,1,AA,1,>.3-<=.7,23
7.22,1,AA,2,>.3-<=.7,23
14.84,1,AA,2,<.7-1.0,23
2.24,1,AA,2,<=.3,23
6.31,1,AA,1,>.3-<=.7,23
1.87,1,AA,1,<=.3,23
2.64,1,AA,1,<=.3,23
2.08,1,AA,1,<=.3,23
4.29,1,AA,2,>.3-<=.7,23
6.09,1,AA,2,>.3-<=.7,23
1.86,1,AA,1,<=.3,23
2.56,1,AA,2,<=.3,23
5.86,1,AA,2,>.3-<=.7,23
1.99,1,AA,1,<=.3,23
1.51,1,AA,2,<=.3,23
6.37,1,AB,2,>.3-<=.7,24
11.16,1,AB,1,<.7-1.0,24
6.78,1,AB,2,>.3-<=.7,24
11.45,1,AB,1,<.7-1.0,24
14.09,1,AB,2,<.7-1.0,24
7.72,1,AB,1,>.3-<=.7,24
5.99,1,AB,1,>.3-<=.7,24
19.53,1,AB,2,<.7-1.0,24
17.78,1,AB,1,<.7-1.0,24
9.07,1,AB,1,>.3-<=.7,24
10.84,1,AB,2,>.3-<=.7,24
4.57,1,AB,1,<=.3,24
8.9,1,AB,1,>.3-<=.7,24
6.77,1,AB,2,>.3-<=.7,24
18.65,1,AB,1,<.7-1.0,24
10.07,0,AB,1,>.3-<=.7,24
22.46,1,AB,2,<.7-1.0,24
5.02,1,AB,1,<=.3,24
7.09,1,AB,1,>.3-<=.7,24
4.07,1,AB,1,<=.3,24
4.46,1,AB,1,<=.3,24
5.34,1,AB,2,>.3-<=.7,24
20.7,0,AB,2,<.7-1.0,24
16.16,0,AB,2,<.7-1.0,24
4.83,1,AB,1,<=.3,24
21.04,1,AB,2,<.7-1.0,24
2.7,1,AB,2,<=.3,24
1.94,1,AB,2,<=.3,24
2.84,1,AB,1,<=.3,24
2.86,1,AB,2,<=.3,24
7.26,1,AB,2,>.3-<=.7,24
2.12,1,AB,2,<=.3,24
6.99,1,AA,1,>.3-<=.7,24
12.82,0,AA,2,<.7-1.0,24
10.61,1,AA,2,<.7-1.0,24
5.19,1,AA,1,>.3-<=.7,24
4.65,1,AA,1,>.3-<=.7,24
7.62,1,AA,2,<.7-1.0,24
4.86,1,AA,1,>.3-<=.7,24
9.99,1,AA,2,<.7-1.0,24
14.62,1,AA,1,<.7-1.0,24
13.96,1,AA,1,<.7-1.0,24
12.09,0,AA,1,<.7-1.0,24
17.03,1,AA,2,<.7-1.0,24
5.29,1,AA,2,>.3-<=.7,24
4.75,1,AA,1,>.3-<=.7,24
4.73,1,AA,2,>.3-<=.7,24
4.36,1,AA,1,<=.3,24
6.07,0,AA,2,>.3-<=.7,24
15.09,0,AA,2,<.7-1.0,24
5.43,0,AA,2,>.3-<=.7,24
3.05,1,AA,1,<=.3,24
8.92,1,AA,2,<.7-1.0,24
6.26,1,AA,2,>.3-<=.7,24
3.51,1,AA,2,<=.3,24
3.86,1,AA,2,<=.3,24
3.56,1,AA,1,<=.3,24
2.65,1,AA,1,<=.3,24
3.14,1,AA,1,<=.3,24
5.81,1,AA,1,>.3-<=.7,24
6.85,0,AA,2,>.3-<=.7,24
4.46,1,AA,2,<=.3,24
1.85,1,AA,1,<=.3,24
1.5,1,AA,1,<=.3,24
4.95,1,AB,2,<=.3,25
6.04,1,AB,2,>.3-<=.7,25
12.7,1,AB,1,<.7-1.0,25
3.98,0,AB,1,<=.3,25
4.8,1,AB,2,<=.3,25
5,1,AB,2,>.3-<=.7,25
16.86,0,AB,1,<.7-1.0,25
6.24,1,AB,2,>.3-<=.7,25
26.97,1,AB,1,<.7-1.0,25
2.5,1,AB,2,<=.3,25
6.06,1,AB,1,>.3-<=.7,25
4.32,1,AB,1,<=.3,25
21.57,1,AB,1,<.7-1.0,25
11.46,0,AB,2,<.7-1.0,25
16.64,1,AB,1,<.7-1.0,25
8.57,1,AB,2,>.3-<=.7,25
5.15,1,AB,1,>.3-<=.7,25
10.27,0,AB,1,<.7-1.0,25
5.42,1,AB,2,>.3-<=.7,25
11.39,1,AB,2,<.7-1.0,25
7.33,1,AB,2,>.3-<=.7,25
3.09,1,AB,1,<=.3,25
17.22,0,AB,1,<.7-1.0,25
4.17,1,AB,1,<=.3,25
5.41,1,AB,1,>.3-<=.7,25
3.43,1,AB,2,<=.3,25
9.16,1,AB,1,>.3-<=.7,25
4.03,1,AB,2,<=.3,25
9.4,1,AB,1,<.7-1.0,25
2.32,1,AB,2,<=.3,25
5.89,1,AB,2,>.3-<=.7,25
7.9,0,AB,2,>.3-<=.7,25
6.99,1,AA,2,>.3-<=.7,25
20.4,1,AA,1,<.7-1.0,25
8.17,1,AA,1,<.7-1.0,25
6.81,1,AA,1,>.3-<=.7,25
13.96,0,AA,2,<.7-1.0,25
7.08,1,AA,2,>.3-<=.7,25
12.04,0,AA,1,<.7-1.0,25
6.96,1,AA,1,>.3-<=.7,25
4.82,1,AA,1,<=.3,25
6.78,1,AA,1,>.3-<=.7,25
3.98,1,AA,1,<=.3,25
15.04,1,AA,1,<.7-1.0,25
20.12,1,AA,2,<.7-1.0,25
17.67,0,AA,2,<.7-1.0,25
6.39,1,AA,1,>.3-<=.7,25
4.14,1,AA,2,<=.3,25
6.54,1,AA,2,>.3-<=.7,25
3.87,1,AA,2,<=.3,25
8.48,1,AA,1,<.7-1.0,25
4.53,1,AA,2,<=.3,25
4.36,1,AA,1,<=.3,25
13.61,1,AA,2,<.7-1.0,25
3.31,1,AA,2,<=.3,25
6.95,1,AA,2,>.3-<=.7,25
19.75,0,AA,1,<.7-1.0,25
6.3,1,AA,1,>.3-<=.7,25
3.34,1,AA,2,<=.3,25
4.08,1,AA,1,<=.3,25
6.31,1,AA,2,>.3-<=.7,25
7.42,1,AA,1,>.3-<=.7,25
7.96,1,AA,2,>.3-<=.7,25
4.32,1,AA,2,<=.3,25
4.41,1,AB,1,<.7-1.0,26
1.92,1,AB,1,<=.3,26
2.17,1,AB,1,>.3-<=.7,26
3.55,1,AB,2,<.7-1.0,26
2.85,1,AB,1,>.3-<=.7,26
2.85,1,AB,1,>.3-<=.7,26
2.1,1,AB,2,>.3-<=.7,26
1.92,1,AB,1,<=.3,26
4.51,0,AB,1,<.7-1.0,26
3.49,1,AB,2,<.7-1.0,26
7.19,1,AB,2,<.7-1.0,26
2.91,1,AB,1,>.3-<=.7,26
2.12,1,AB,1,>.3-<=.7,26
2.61,1,AB,2,>.3-<=.7,26
2.74,1,AB,2,>.3-<=.7,26
2.01,1,AB,2,<=.3,26
3.37,1,AB,1,<.7-1.0,26
1.53,1,AB,2,<=.3,26
1.49,1,AB,1,<=.3,26
1.22,1,AB,1,<=.3,26
2,1,AB,1,<=.3,26
2.64,1,AB,2,>.3-<=.7,26
5.83,1,AB,2,<.7-1.0,26
3.26,1,AB,2,<.7-1.0,26
3.06,1,AB,2,>.3-<=.7,26
3.05,1,AB,1,>.3-<=.7,26
3.82,0,AB,2,<.7-1.0,26
2.02,0,AB,2,>.3-<=.7,26
4.99,1,AB,2,<.7-1.0,26
1.91,1,AB,1,<=.3,26
1.26,1,AB,1,<=.3,26
1.63,1,AB,2,<=.3,26
5.85,1,AA,1,<.7-1.0,26
2.47,1,AA,1,>.3-<=.7,26
7.19,0,AA,2,<.7-1.0,26
4.96,1,AA,2,>.3-<=.7,26
6.02,1,AA,2,<.7-1.0,26
6.03,1,AA,1,<.7-1.0,26
8.2,1,AA,2,<.7-1.0,26
5.26,0,AA,1,<.7-1.0,26
2.42,1,AA,2,<=.3,26
6.11,0,AA,1,<.7-1.0,26
3.44,0,AA,2,>.3-<=.7,26
4.42,1,AA,2,>.3-<=.7,26
1.96,0,AA,2,<=.3,26
1.89,1,AA,1,<=.3,26
2.88,1,AA,1,>.3-<=.7,26
2.18,1,AA,1,<=.3,26
2.27,1,AA,1,<=.3,26
2.43,1,AA,1,<=.3,26
6.52,0,AA,1,<.7-1.0,26
3.67,1,AA,2,>.3-<=.7,26
1.72,1,AA,2,<=.3,26
2.97,1,AA,2,>.3-<=.7,26
4.98,1,AA,2,<.7-1.0,26
8.61,1,AA,1,<.7-1.0,26
1.49,1,AA,1,<=.3,26
3.18,0,AA,1,>.3-<=.7,26
1.45,1,AA,1,<=.3,26
3.04,1,AA,2,>.3-<=.7,26
4.19,1,AA,2,>.3-<=.7,26
1.22,0,AA,1,<=.3,26
4.21,0,AA,2,>.3-<=.7,26
2.5,1,AA,2,>.3-<=.7,26
16.66,1,AB,2,<.7-1.0,27
6.56,1,AB,2,<.7-1.0,27
2.91,1,AB,1,<=.3,27
2.55,1,AB,2,<=.3,27
4.44,0,AB,2,>.3-<=.7,27
10.68,0,AB,1,<.7-1.0,27
3.1,1,AB,1,<=.3,27
2.49,0,AB,2,<=.3,27
3.96,1,AB,2,>.3-<=.7,27
4.04,1,AB,2,>.3-<=.7,27
6.52,1,AB,2,<.7-1.0,27
5.45,1,AB,1,>.3-<=.7,27
5.14,0,AB,2,>.3-<=.7,27
13.94,1,AB,1,<.7-1.0,27
1.75,1,AB,2,<=.3,27
6.04,0,AB,1,<.7-1.0,27
2.44,0,AB,2,<=.3,27
10.56,1,AB,1,<.7-1.0,27
7.83,1,AB,1,<.7-1.0,27
5.92,0,AB,1,>.3-<=.7,27
3.38,1,AB,2,>.3-<=.7,27
2.86,1,AB,1,<=.3,27
2.08,0,AB,1,<=.3,27
18.88,1,AB,2,<.7-1.0,27
3.24,1,AB,2,>.3-<=.7,27
7.86,1,AB,2,<.7-1.0,27
3.87,1,AB,1,>.3-<=.7,27
5.83,1,AB,1,>.3-<=.7,27
3.19,1,AB,1,<=.3,27
3.45,1,AB,1,>.3-<=.7,27
4.61,1,AB,2,>.3-<=.7,27
1.96,1,AB,1,<=.3,27
6.23,0,AA,2,<.7-1.0,27
4.46,1,AA,1,>.3-<=.7,27
14.14,1,AA,2,<.7-1.0,27
5.15,1,AA,1,>.3-<=.7,27
2.19,1,AA,1,<=.3,27
6.09,1,AA,1,<.7-1.0,27
7.91,1,AA,1,<.7-1.0,27
4.5,1,AA,1,>.3-<=.7,27
2.75,1,AA,1,<=.3,27
13.35,0,AA,2,<.7-1.0,27
4.74,1,AA,2,>.3-<=.7,27
7.08,1,AA,2,<.7-1.0,27
3,1,AA,1,>.3-<=.7,27
2.96,1,AA,2,<=.3,27
5.35,1,AA,1,<.7-1.0,27
2.93,1,AA,2,<=.3,27
2.08,1,AA,2,<=.3,27
3.9,1,AA,1,>.3-<=.7,27
2.48,1,AA,2,<=.3,27
5.08,1,AA,1,>.3-<=.7,27
3.35,0,AA,1,>.3-<=.7,27
4.27,1,AA,2,>.3-<=.7,27
5.4,1,AA,2,<.7-1.0,27
7.89,1,AA,2,<.7-1.0,27
1.9,1,AA,1,<=.3,27
3.31,1,AA,1,>.3-<=.7,27
5.12,1,AA,2,>.3-<=.7,27
2.74,1,AA,2,<=.3,27
6.76,1,AA,2,<.7-1.0,27
2.69,1,AA,1,<=.3,27
1.95,1,AA,2,<=.3,27
4.17,1,AA,1,>.3-<=.7,27
9.58,1,AB,2,<.7-1.0,28
5.57,1,AB,2,>.3-<=.7,28
7.12,1,AB,1,>.3-<=.7,28
4.31,1,AB,1,<=.3,28
4.05,1,AB,1,<=.3,28
5.84,1,AB,2,>.3-<=.7,28
5.9,0,AB,2,>.3-<=.7,28
15.4,1,AB,2,<.7-1.0,28
7.07,0,AB,2,>.3-<=.7,28
7.98,1,AB,2,<.7-1.0,28
6.18,1,AB,2,>.3-<=.7,28
6.78,0,AB,2,>.3-<=.7,28
5.88,1,AB,1,>.3-<=.7,28
5.09,1,AB,1,<=.3,28
12.4,1,AB,1,<.7-1.0,28
5.18,1,AB,2,>.3-<=.7,28
8.97,1,AB,2,<.7-1.0,28
8.71,1,AB,1,<.7-1.0,28
5.12,0,AB,1,<=.3,28
13.28,1,AB,1,<.7-1.0,28
3.49,1,AB,2,<=.3,28
7.08,0,AB,1,>.3-<=.7,28
9.11,1,AB,1,<.7-1.0,28
7.03,1,AB,1,>.3-<=.7,28
11.32,1,AB,2,<.7-1.0,28
4.93,1,AB,2,<=.3,28
6.07,0,AB,1,>.3-<=.7,28
4.15,1,AB,2,<=.3,28
5.12,0,AB,1,<=.3,28
9.7,1,AB,1,<.7-1.0,28
4.66,1,AB,1,<=.3,28
4.06,1,AB,2,<=.3,28
8.09,0,AA,1,>.3-<=.7,28
8.59,1,AA,1,<.7-1.0,28
10.74,0,AA,1,<.7-1.0,28
8.52,1,AA,2,<.7-1.0,28
5.39,1,AA,2,<=.3,28
9.47,1,AA,2,<.7-1.0,28
7.28,1,AA,1,>.3-<=.7,28
12.37,0,AA,2,<.7-1.0,28
11.74,0,AA,2,<.7-1.0,28
3.87,1,AA,1,<=.3,28
8.07,1,AA,1,>.3-<=.7,28
7.12,1,AA,1,>.3-<=.7,28
8.32,1,AA,2,>.3-<=.7,28
15.89,1,AA,2,<.7-1.0,28
6.44,1,AA,1,<=.3,28
6.74,1,AA,2,<=.3,28
12.74,1,AA,1,<.7-1.0,28
6.8,0,AA,1,>.3-<=.7,28
8.46,1,AA,1,>.3-<=.7,28
9.26,1,AA,1,<.7-1.0,28
4.73,1,AA,2,<=.3,28
11.77,1,AA,1,<.7-1.0,28
7.13,1,AA,2,>.3-<=.7,28
6.09,1,AA,2,<=.3,28
5.56,0,AA,1,<=.3,28
6.9,0,AA,2,>.3-<=.7,28
8.47,1,AA,2,>.3-<=.7,28
4.62,1,AA,1,<=.3,28
5.84,1,AA,2,<=.3,28
7.54,1,AA,2,>.3-<=.7,28
8.36,0,AA,1,>.3-<=.7,28
4.38,1,AA,2,<=.3,28
7.68,1,AB,1,>.3-<=.7,29
14.1,1,AB,2,<.7-1.0,29
7.9,1,AB,2,>.3-<=.7,29
9.28,1,AB,1,<.7-1.0,29
3.59,1,AB,2,<=.3,29
6.36,1,AB,1,>.3-<=.7,29
5.56,1,AB,1,>.3-<=.7,29
9.97,1,AB,2,<.7-1.0,29
3.24,1,AB,1,<=.3,29
6.75,1,AB,2,>.3-<=.7,29
9.62,1,AB,2,<.7-1.0,29
5.18,1,AB,1,<=.3,29
4.47,1,AB,2,<=.3,29
22.14,1,AB,1,<.7-1.0,29
2.99,1,AB,2,<=.3,29
6.66,1,AB,2,>.3-<=.7,29
6.77,1,AB,1,>.3-<=.7,29
8.44,1,AB,1,<.7-1.0,29
14.08,0,AB,1,<.7-1.0,29
8.54,1,AB,2,<.7-1.0,29
5.16,1,AB,2,<=.3,29
10.17,1,AB,2,<.7-1.0,29
5.3,1,AB,2,<=.3,29
6.67,1,AB,1,>.3-<=.7,29
6.52,1,AB,1,>.3-<=.7,29
5.68,1,AB,1,>.3-<=.7,29
3.76,1,AB,2,<=.3,29
3.11,1,AB,2,<=.3,29
8.05,1,AB,1,>.3-<=.7,29
7.3,1,AB,2,>.3-<=.7,29
12.71,1,AB,1,<.7-1.0,29
3.65,1,AB,1,<=.3,29
5.88,1,AA,2,>.3-<=.7,29
7.65,1,AA,1,<.7-1.0,29
4.39,1,AA,1,>.3-<=.7,29
11.94,1,AA,1,<.7-1.0,29
6.57,1,AA,2,>.3-<=.7,29
5.38,1,AA,1,>.3-<=.7,29
4.35,1,AA,1,<=.3,29
2.79,1,AA,1,<=.3,29
10.49,1,AA,2,<.7-1.0,29
6.22,1,AA,1,>.3-<=.7,29
5.75,1,AA,2,>.3-<=.7,29
6.87,1,AA,1,>.3-<=.7,29
6.98,1,AA,1,<.7-1.0,29
3.89,1,AA,2,<=.3,29
3.56,1,AA,2,<=.3,29
11.15,0,AA,1,<.7-1.0,29
4.03,1,AA,2,<=.3,29
3.8,0,AA,1,<=.3,29
12.86,0,AA,2,<.7-1.0,29
4.65,1,AA,2,>.3-<=.7,29
2.26,1,AA,1,<=.3,29
7.13,0,AA,2,<.7-1.0,29
2.28,1,AA,1,<=.3,29
5.68,1,AA,2,>.3-<=.7,29
3.47,1,AA,1,<=.3,29
4.84,1,AA,1,>.3-<=.7,29
8.78,1,AA,2,<.7-1.0,29
4.18,1,AA,1,<=.3,29
7.05,0,AA,2,<.7-1.0,29
6.02,1,AA,2,>.3-<=.7,29
5.43,0,AA,2,>.3-<=.7,29
7.85,0,AA,2,<.7-1.0,29
3.87,1,AB,1,<.7-1.0,3
4.84,1,AB,2,<.7-1.0,3
2.33,1,AB,1,>.3-<=.7,3
2.69,1,AB,1,>.3-<=.7,3
2.06,1,AB,2,>.3-<=.7,3
4.95,0,AB,2,<.7-1.0,3
1.77,1,AB,2,>.3-<=.7,3
2.74,1,AB,2,<.7-1.0,3
1.37,1,AB,2,<=.3,3
3.11,1,AB,1,<.7-1.0,3
3.19,0,AB,2,<.7-1.0,3
1.83,1,AB,1,>.3-<=.7,3
2.43,1,AB,1,>.3-<=.7,3
1.14,0,AB,1,<=.3,3
2.36,0,AB,1,>.3-<=.7,3
5.22,1,AB,2,<.7-1.0,3
4.54,0,AB,1,<.7-1.0,3
1.62,0,AB,2,<=.3,3
3.47,0,AB,1,<.7-1.0,3
1.42,1,AB,1,<=.3,3
1.82,1,AB,2,>.3-<=.7,3
1.47,0,AB,2,<=.3,3
2.59,1,AB,2,>.3-<=.7,3
1.16,1,AB,2,<=.3,3
2.2,0,AB,1,>.3-<=.7,3
3.79,1,AB,1,<.7-1.0,3
0.96,1,AB,1,<=.3,3
1.44,0,AB,2,<=.3,3
2.72,0,AB,1,>.3-<=.7,3
1.62,1,AB,2,<=.3,3
1.12,1,AB,2,<=.3,3
1.5,1,AB,1,<=.3,3
11.06,1,AA,1,<.7-1.0,3
4.75,1,AA,1,<.7-1.0,3
5.31,0,AA,1,<.7-1.0,3
5.71,0,AA,2,<.7-1.0,3
4.65,1,AA,2,>.3-<=.7,3
7.62,0,AA,1,<.7-1.0,3
7.42,1,AA,2,<.7-1.0,3
4.41,0,AA,1,>.3-<=.7,3
4.16,0,AA,1,>.3-<=.7,3
4.64,0,AA,1,>.3-<=.7,3
2.06,1,AA,2,<=.3,3
2.63,1,AA,2,>.3-<=.7,3
2.11,1,AA,2,<=.3,3
1.85,1,AA,2,<=.3,3
3.79,1,AA,2,>.3-<=.7,3
3.62,1,AA,1,>.3-<=.7,3
1.96,1,AA,2,<=.3,3
2.91,1,AA,2,>.3-<=.7,3
2.3,1,AA,2,>.3-<=.7,3
2.62,1,AA,1,>.3-<=.7,3
2.61,1,AA,2,>.3-<=.7,3
5.87,0,AA,1,<.7-1.0,3
5.29,1,AA,2,<.7-1.0,3
2.37,1,AA,1,>.3-<=.7,3
6.26,1,AA,2,<.7-1.0,3
2.16,1,AA,2,<=.3,3
6.71,1,AA,1,<.7-1.0,3
1.75,0,AA,1,<=.3,3
1.15,0,AA,1,<=.3,3
1.24,0,AA,1,<=.3,3
1.76,1,AA,2,<=.3,3
1.23,0,AA,1,<=.3,3
9.82,1,AB,2,<.7-1.0,30
5.55,1,AB,2,<.7-1.0,30
8.8,0,AB,1,<.7-1.0,30
4.49,0,AB,1,>.3-<=.7,30
4.19,0,AB,2,>.3-<=.7,30
5.03,1,AB,1,>.3-<=.7,30
4.24,1,AB,1,>.3-<=.7,30
3.48,0,AB,2,<=.3,30
3.63,1,AB,2,>.3-<=.7,30
5.32,0,AB,2,<.7-1.0,30
9.53,1,AB,1,<.7-1.0,30
3.82,1,AB,2,>.3-<=.7,30
3.05,1,AB,1,<=.3,30
9.9,1,AB,2,<.7-1.0,30
2.28,1,AB,2,<=.3,30
3.36,0,AB,2,<=.3,30
4.12,1,AB,1,>.3-<=.7,30
11.52,0,AB,1,<.7-1.0,30
8.37,1,AB,1,<.7-1.0,30
4.69,1,AB,2,>.3-<=.7,30
3.64,1,AB,1,>.3-<=.7,30
6.43,1,AB,1,<.7-1.0,30
4.11,1,AB,1,>.3-<=.7,30
3.88,0,AB,1,>.3-<=.7,30
3.42,1,AB,1,<=.3,30
2.5,0,AB,2,<=.3,30
2.75,0,AB,1,<=.3,30
2.76,1,AB,2,<=.3,30
3.39,0,AB,1,<=.3,30
5.2,1,AB,2,<.7-1.0,30
2.61,1,AB,2,<=.3,30
3.72,0,AB,2,>.3-<=.7,30
10.15,1,AA,1,<.7-1.0,30
9.12,1,AA,2,>.3-<=.7,30
6.75,1,AA,1,>.3-<=.7,30
21.37,0,AA,2,<.7-1.0,30
3.03,1,AA,2,<=.3,30
4.94,1,AA,2,>.3-<=.7,30
4.18,0,AA,2,>.3-<=.7,30
4.48,1,AA,1,>.3-<=.7,30
6.53,0,AA,1,>.3-<=.7,30
9.36,1,AA,1,>.3-<=.7,30
21.39,0,AA,2,<.7-1.0,30
7.15,1,AA,2,>.3-<=.7,30
11.06,0,AA,1,<.7-1.0,30
9.8,0,AA,2,<.7-1.0,30
2.41,1,AA,2,<=.3,30
2.28,1,AA,2,<=.3,30
3.27,1,AA,2,<=.3,30
3.53,1,AA,1,<=.3,30
5.03,1,AA,1,>.3-<=.7,30
2.97,1,AA,1,<=.3,30
14.14,1,AA,1,<.7-1.0,30
2.57,0,AA,1,<=.3,30
2.88,0,AA,2,<=.3,30
4.53,0,AA,1,>.3-<=.7,30
23.64,1,AA,1,<.7-1.0,30
7.41,1,AA,2,>.3-<=.7,30
2.53,0,AA,1,<=.3,30
4.03,1,AA,1,<=.3,30
16.74,1,AA,2,<.7-1.0,30
10.13,0,AA,2,<.7-1.0,30
22.52,1,AA,1,<.7-1.0,30
5.84,1,AA,2,>.3-<=.7,30
10.99,1,AB,2,<.7-1.0,31
9.41,1,AB,2,>.3-<=.7,31
22.14,1,AB,2,<.7-1.0,31
2.2,0,AB,1,<=.3,31
15.55,0,AB,1,<.7-1.0,31
2.6,1,AB,2,<=.3,31
10.57,1,AB,1,<.7-1.0,31
14.11,1,AB,1,<.7-1.0,31
6.73,1,AB,1,>.3-<=.7,31
9.11,0,AB,2,>.3-<=.7,31
19.7,1,AB,2,<.7-1.0,31
13.76,1,AB,2,<.7-1.0,31
14.28,1,AB,2,<.7-1.0,31
3.66,1,AB,2,<=.3,31
3.94,1,AB,2,<=.3,31
3.52,1,AB,1,<=.3,31
2.19,1,AB,1,<=.3,31
6.85,1,AB,2,>.3-<=.7,31
8.19,1,AB,1,>.3-<=.7,31
19.1,1,AB,2,<.7-1.0,31
9.69,1,AB,1,>.3-<=.7,31
28.15,1,AB,1,<.7-1.0,31
3.32,0,AB,2,<=.3,31
2.24,1,AB,2,<=.3,31
6.31,1,AB,2,>.3-<=.7,31
8.06,1,AB,1,>.3-<=.7,31
2.59,1,AB,2,<=.3,31
4.63,0,AB,1,>.3-<=.7,31
7.37,1,AB,1,>.3-<=.7,31
9.91,1,AB,1,>.3-<=.7,31
2.77,1,AB,1,<=.3,31
4.5,1,AB,1,>.3-<=.7,31
9.27,1,AA,1,>.3-<=.7,31
5.11,1,AA,1,>.3-<=.7,31
21.03,1,AA,2,<.7-1.0,31
3.6,1,AA,1,<=.3,31
7.7,1,AA,1,>.3-<=.7,31
28.02,0,AA,1,<.7-1.0,31
22.92,0,AA,2,<.7-1.0,31
11.42,0,AA,2,<.7-1.0,31
7.87,1,AA,2,>.3-<=.7,31
4.51,1,AA,1,>.3-<=.7,31
23.3,0,AA,1,<.7-1.0,31
6.51,1,AA,2,>.3-<=.7,31
2.99,1,AA,1,<=.3,31
14.37,1,AA,1,<.7-1.0,31
10.64,0,AA,2,<.7-1.0,31
38.99,0,AA,2,<.7-1.0,31
6.63,1,AA,2,>.3-<=.7,31
6.63,0,AA,2,>.3-<=.7,31
2.49,1,AA,1,<=.3,31
8.63,1,AA,2,>.3-<=.7,31
48.89,0,AA,2,<.7-1.0,31
4.87,1,AA,2,>.3-<=.7,31
23.12,1,AA,1,<.7-1.0,31
4.78,0,AA,1,>.3-<=.7,31
2.39,1,AA,2,<=.3,31
3.59,1,AA,1,<=.3,31
2.06,1,AA,2,<=.3,31
2.66,1,AA,2,<=.3,31
3.76,1,AA,2,>.3-<=.7,31
3.59,0,AA,1,<=.3,31
3.11,1,AA,1,<=.3,31
1.99,1,AA,1,<=.3,31
7.48,1,AB,2,>.3-<=.7,33
5.36,0,AB,2,>.3-<=.7,33
5.99,1,AB,2,>.3-<=.7,33
7.45,1,AB,1,>.3-<=.7,33
16.4,1,AB,2,<.7-1.0,33
8.2,1,AB,2,<.7-1.0,33
2.78,1,AB,1,<=.3,33
7.03,1,AB,2,>.3-<=.7,33
2.53,1,AB,1,<=.3,33
8.07,1,AB,1,<.7-1.0,33
11.46,1,AB,1,<.7-1.0,33
11.11,0,AB,2,<.7-1.0,33
4.66,1,AB,2,>.3-<=.7,33
4.6,0,AB,1,>.3-<=.7,33
25.87,1,AB,1,<.7-1.0,33
3.49,1,AB,1,<=.3,33
2.06,1,AB,1,<=.3,33
3.22,1,AB,2,<=.3,33
3.49,1,AB,1,<=.3,33
14.53,1,AB,2,<.7-1.0,33
1.73,1,AB,1,<=.3,33
2.48,1,AB,2,<=.3,33
2.3,1,AB,1,<=.3,33
5,1,AB,2,>.3-<=.7,33
5.91,1,AB,1,>.3-<=.7,33
12.53,1,AB,1,<.7-1.0,33
6.31,1,AB,2,>.3-<=.7,33
7.67,1,AB,2,>.3-<=.7,33
4.42,1,AB,1,<=.3,33
13.97,1,AB,2,<.7-1.0,33
5.5,1,AB,2,>.3-<=.7,33
10.58,1,AB,1,<.7-1.0,33
3.38,1,AA,2,>.3-<=.7,33
2.25,1,AA,1,>.3-<=.7,33
6.25,0,AA,1,<.7-1.0,33
3.97,1,AA,1,>.3-<=.7,33
4.85,1,AA,1,<.7-1.0,33
11.04,1,AA,1,<.7-1.0,33
5.37,1,AA,2,<.7-1.0,33
4.82,1,AA,1,>.3-<=.7,33
2.03,1,AA,2,>.3-<=.7,33
12.47,1,AA,2,<.7-1.0,33
1.99,1,AA,1,<=.3,33
12.67,0,AA,2,<.7-1.0,33
18.16,0,AA,2,<.7-1.0,33
11.44,1,AA,2,<.7-1.0,33
1.31,1,AA,2,<=.3,33
2.49,1,AA,1,>.3-<=.7,33
1.55,1,AA,2,<=.3,33
1.81,1,AA,2,<=.3,33
20.13,0,AA,2,<.7-1.0,33
2.87,1,AA,2,>.3-<=.7,33
3.62,1,AA,1,>.3-<=.7,33
2.25,1,AA,1,>.3-<=.7,33
3.13,1,AA,1,>.3-<=.7,33
1.41,1,AA,2,<=.3,33
1.74,1,AA,1,<=.3,33
1.83,1,AA,2,<=.3,33
7.74,1,AA,1,<.7-1.0,33
1.99,1,AA,1,<=.3,33
1.4,1,AA,2,<=.3,33
1.93,1,AA,2,<=.3,33
4.16,0,AA,1,>.3-<=.7,33
1.08,1,AA,1,<=.3,33
5.47,1,AB,1,<.7-1.0,34
6.27,1,AB,2,<.7-1.0,34
1.73,1,AB,1,<=.3,34
3.88,1,AB,2,>.3-<=.7,34
6.06,1,AB,1,<.7-1.0,34
12.19,0,AB,1,<.7-1.0,34
2.29,1,AB,2,<=.3,34
4.35,1,AB,2,>.3-<=.7,34
4.89,1,AB,1,<.7-1.0,34
3.46,1,AB,2,>.3-<=.7,34
4.71,1,AB,2,<.7-1.0,34
6.38,0,AB,2,<.7-1.0,34
3.13,1,AB,1,>.3-<=.7,34
3.38,0,AB,1,>.3-<=.7,34
2.06,1,AB,2,<=.3,34
14.09,1,AB,2,<.7-1.0,34
2.05,1,AB,2,<=.3,34
2.39,1,AB,1,<=.3,34
1.73,1,AB,1,<=.3,34
2.08,1,AB,2,<=.3,34
7.61,1,AB,1,<.7-1.0,34
3.06,1,AB,1,>.3-<=.7,34
3.23,1,AB,1,>.3-<=.7,34
1.96,1,AB,1,<=.3,34
1.97,1,AB,2,<=.3,34
3.61,1,AB,1,>.3-<=.7,34
4.6,1,AB,2,>.3-<=.7,34
3.29,1,AB,2,>.3-<=.7,34
3.71,1,AB,1,>.3-<=.7,34
2.52,0,AB,2,<=.3,34
5.51,1,AB,1,<.7-1.0,34
3.99,1,AB,2,>.3-<=.7,34
3.53,1,AA,1,>.3-<=.7,34
4.08,1,AA,2,>.3-<=.7,34
3.76,1,AA,2,>.3-<=.7,34
1.82,1,AA,1,<=.3,34
2.67,1,AA,1,<=.3,34
1.47,1,AA,2,<=.3,34
3.62,1,AA,2,>.3-<=.7,34
1.61,1,AA,1,<=.3,34
13,1,AA,2,<.7-1.0,34
2.58,1,AA,1,<=.3,34
13.13,1,AA,2,<.7-1.0,34
5.72,1,AA,1,<.7-1.0,34
2.16,1,AA,2,<=.3,34
6.4,0,AA,1,<.7-1.0,34
3.71,1,AA,2,>.3-<=.7,34
4.12,1,AA,1,>.3-<=.7,34
4.18,0,AA,1,>.3-<=.7,34
5.09,0,AA,2,<.7-1.0,34
9.01,0,AA,1,<.7-1.0,34
3.48,0,AA,2,>.3-<=.7,34
2.64,0,AA,1,<=.3,34
4.2,1,AA,2,>.3-<=.7,34
2.17,0,AA,2,<=.3,34
2.89,1,AA,1,<=.3,34
4.69,0,AA,1,>.3-<=.7,34
7.27,1,AA,1,<.7-1.0,34
5.71,0,AA,2,<.7-1.0,34
4.9,0,AA,1,>.3-<=.7,34
2.99,1,AA,1,>.3-<=.7,34
7.56,1,AA,2,<.7-1.0,34
5.13,1,AA,2,<.7-1.0,34
2.61,0,AA,2,<=.3,34
5.16,1,AB,2,>.3-<=.7,35
8.03,1,AB,1,<.7-1.0,35
3.83,1,AB,1,>.3-<=.7,35
2.71,1,AB,1,<=.3,35
16.56,1,AB,1,<.7-1.0,35
3.34,1,AB,2,<=.3,35
3.89,1,AB,1,>.3-<=.7,35
6.99,1,AB,2,<.7-1.0,35
5.53,1,AB,1,<.7-1.0,35
4.98,1,AB,2,>.3-<=.7,35
3.68,0,AB,1,>.3-<=.7,35
10.33,1,AB,1,<.7-1.0,35
2.48,1,AB,2,<=.3,35
3.98,1,AB,2,>.3-<=.7,35
4.33,1,AB,2,>.3-<=.7,35
2.27,1,AB,1,<=.3,35
4.87,1,AB,1,>.3-<=.7,35
3.34,1,AB,2,<=.3,35
5.93,1,AB,2,<.7-1.0,35
2.19,1,AB,2,<=.3,35
4.24,0,AB,2,>.3-<=.7,35
6.94,1,AB,2,<.7-1.0,35
5.21,1,AB,2,>.3-<=.7,35
6.16,1,AB,1,<.7-1.0,35
3.54,0,AB,2,<=.3,35
2.38,1,AB,1,<=.3,35
4.31,0,AB,2,>.3-<=.7,35
6,1,AB,1,<.7-1.0,35
9.92,0,AB,2,<.7-1.0,35
2.37,1,AB,1,<=.3,35
4.05,1,AB,1,>.3-<=.7,35
3.35,1,AB,1,<=.3,35
9.31,0,AA,2,<.7-1.0,35
3.62,1,AA,1,>.3-<=.7,35
3.85,0,AA,2,>.3-<=.7,35
4.54,1,AA,1,>.3-<=.7,35
9.12,0,AA,1,<.7-1.0,35
3.72,1,AA,2,>.3-<=.7,35
3.04,0,AA,2,<=.3,35
3.23,1,AA,2,>.3-<=.7,35
3.65,1,AA,2,>.3-<=.7,35
3.35,1,AA,1,>.3-<=.7,35
5.93,1,AA,1,<.7-1.0,35
3.21,1,AA,1,<=.3,35
3.6,1,AA,1,>.3-<=.7,35
5.36,1,AA,1,>.3-<=.7,35
4.28,1,AA,2,>.3-<=.7,35
4.64,1,AA,2,>.3-<=.7,35
2.74,0,AA,2,<=.3,35
6.46,0,AA,2,<.7-1.0,35
3.15,1,AA,1,<=.3,35
3.14,0,AA,1,<=.3,35
8.27,0,AA,2,<.7-1.0,35
2.89,0,AA,2,<=.3,35
6.12,1,AA,2,<.7-1.0,35
1.55,1,AA,2,<=.3,35
2.07,1,AA,2,<=.3,35
3.72,1,AA,1,>.3-<=.7,35
5.88,1,AA,2,<.7-1.0,35
8.38,0,AA,1,<.7-1.0,35
2.34,1,AA,1,<=.3,35
5.76,0,AA,1,<.7-1.0,35
2.41,1,AA,1,<=.3,35
9.85,1,AA,1,<.7-1.0,35
11.83,1,AB,2,<.7-1.0,36
3.1,1,AB,1,>.3-<=.7,36
12.27,1,AB,1,<.7-1.0,36
9.87,1,AB,2,<.7-1.0,36
12.09,1,AB,1,<.7-1.0,36
4.41,1,AB,1,>.3-<=.7,36
1.12,1,AB,1,<=.3,36
1.98,1,AB,1,<=.3,36
7.33,0,AB,2,<.7-1.0,36
2.6,1,AB,2,>.3-<=.7,36
2.66,1,AB,1,>.3-<=.7,36
2.27,0,AB,1,<=.3,36
1.08,1,AB,1,<=.3,36
4.62,1,AB,2,>.3-<=.7,36
1.94,0,AB,2,<=.3,36
8.61,1,AB,2,<.7-1.0,36
5.89,1,AB,1,>.3-<=.7,36
12.42,1,AB,2,<.7-1.0,36
6.8,1,AB,1,>.3-<=.7,36
2.21,1,AB,2,<=.3,36
7.95,1,AB,1,<.7-1.0,36
5.41,1,AB,1,>.3-<=.7,36
2.48,1,AB,1,<=.3,36
12.88,1,AB,2,<.7-1.0,36
7.65,1,AB,2,<.7-1.0,36
4.12,1,AB,2,>.3-<=.7,36
2.25,1,AB,1,<=.3,36
3.75,1,AB,2,>.3-<=.7,36
1.85,1,AB,2,<=.3,36
4.07,0,AB,2,>.3-<=.7,36
2.74,1,AB,2,>.3-<=.7,36
1.83,1,AB,1,<=.3,36
6.31,1,AA,1,>.3-<=.7,36
3.64,1,AA,2,>.3-<=.7,36
7.78,1,AA,1,<.7-1.0,36
4.63,1,AA,2,>.3-<=.7,36
10.56,0,AA,2,<.7-1.0,36
6.91,0,AA,2,<.7-1.0,36
5,1,AA,2,>.3-<=.7,36
1.8,1,AA,2,<=.3,36
2.3,1,AA,2,<=.3,36
2.24,1,AA,2,<=.3,36
2.3,1,AA,1,<=.3,36
3.16,1,AA,1,>.3-<=.7,36
2.88,1,AA,2,<=.3,36
2.28,1,AA,1,<=.3,36
13.27,1,AA,2,<.7-1.0,36
4.09,1,AA,1,>.3-<=.7,36
4.64,1,AA,1,>.3-<=.7,36
9.51,1,AA,1,<.7-1.0,36
5.23,1,AA,1,>.3-<=.7,36
10.61,1,AA,1,<.7-1.0,36
6.42,1,AA,1,<.7-1.0,36
2.12,1,AA,1,<=.3,36
4.66,1,AA,2,>.3-<=.7,36
5.19,0,AA,1,>.3-<=.7,36
1.43,1,AA,2,<=.3,36
3.42,1,AA,1,>.3-<=.7,36
7.02,1,AA,2,<.7-1.0,36
4.82,1,AA,2,>.3-<=.7,36
1.32,1,AA,1,<=.3,36
2.01,0,AA,2,<=.3,36
10.25,1,AA,1,<.7-1.0,36
8.4,0,AA,2,<.7-1.0,36
10.44,1,AB,2,>.3-<=.7,37
16.78,1,AB,2,<.7-1.0,37
6.37,1,AB,2,<=.3,37
11.02,1,AB,1,>.3-<=.7,37
15.44,1,AB,2,<.7-1.0,37
5.21,1,AB,1,<=.3,37
14.08,1,AB,2,<.7-1.0,37
14.87,1,AB,2,<.7-1.0,37
10.23,1,AB,2,>.3-<=.7,37
14.69,1,AB,1,<.7-1.0,37
12.48,1,AB,2,<.7-1.0,37
10.52,1,AB,1,>.3-<=.7,37
10.47,0,AB,2,>.3-<=.7,37
5.24,1,AB,1,<=.3,37
10.16,1,AB,1,>.3-<=.7,37
12.61,1,AB,1,<.7-1.0,37
6.4,1,AB,1,<=.3,37
37.86,0,AB,2,<.7-1.0,37
11.48,1,AB,1,<.7-1.0,37
4.74,1,AB,2,<=.3,37
13.85,1,AB,1,<.7-1.0,37
5.66,0,AB,2,<=.3,37
9.81,0,AB,1,>.3-<=.7,37
9.48,1,AB,1,>.3-<=.7,37
9.23,1,AB,1,>.3-<=.7,37
7.02,1,AB,1,>.3-<=.7,37
4.53,1,AB,2,<=.3,37
5.73,1,AB,2,<=.3,37
6.84,1,AB,2,>.3-<=.7,37
3.73,1,AB,2,<=.3,37
5.38,0,AB,1,<=.3,37
6.91,1,AB,1,>.3-<=.7,37
5.78,1,AA,1,<=.3,37
4.47,1,AA,2,<=.3,37
6.21,1,AA,1,<=.3,37
22.58,1,AA,1,<.7-1.0,37
12.58,1,AA,2,>.3-<=.7,37
18.41,1,AA,2,<.7-1.0,37
35.48,1,AA,2,<.7-1.0,37
23.87,0,AA,2,<.7-1.0,37
14.61,1,AA,1,>.3-<=.7,37
7.54,1,AA,1,>.3-<=.7,37
9.54,1,AA,1,>.3-<=.7,37
4.99,1,AA,2,<=.3,37
13.04,1,AA,2,>.3-<=.7,37
10.87,1,AA,1,>.3-<=.7,37
6.1,1,AA,2,<=.3,37
6.13,1,AA,2,<=.3,37
28.75,0,AA,2,<.7-1.0,37
33.53,0,AA,1,<.7-1.0,37
7.54,1,AA,1,>.3-<=.7,37
14.65,1,AA,2,<.7-1.0,37
7.77,1,AA,1,>.3-<=.7,37
3.97,1,AA,2,<=.3,37
6.38,1,AA,2,<=.3,37
15.57,0,AA,2,<.7-1.0,37
6.89,1,AA,1,>.3-<=.7,37
7.78,1,AA,2,>.3-<=.7,37
15.76,0,AA,1,<.7-1.0,37
8.74,1,AA,1,>.3-<=.7,37
6.73,1,AA,2,>.3-<=.7,37
4.14,1,AA,1,<=.3,37
3.63,1,AA,1,<=.3,37
23.66,0,AA,1,<.7-1.0,37
5.18,1,AB,2,<.7-1.0,38
5.69,0,AB,2,<.7-1.0,38
7.15,1,AB,1,<.7-1.0,38
5.24,0,AB,2,<.7-1.0,38
2.29,1,AB,1,<=.3,38
5.26,0,AB,2,<.7-1.0,38
3.84,1,AB,2,>.3-<=.7,38
2.35,1,AB,1,<=.3,38
2.77,1,AB,2,<=.3,38
1.67,1,AB,1,<=.3,38
5.18,1,AB,2,<.7-1.0,38
3.05,1,AB,2,>.3-<=.7,38
2.06,1,AB,1,<=.3,38
1.52,1,AB,2,<=.3,38
3.98,1,AB,1,>.3-<=.7,38
5.04,0,AB,1,>.3-<=.7,38
5.23,1,AB,1,<.7-1.0,38
4.58,0,AB,1,>.3-<=.7,38
5.18,1,AB,1,<.7-1.0,38
4.61,1,AB,2,>.3-<=.7,38
4.5,1,AB,2,>.3-<=.7,38
4.59,1,AB,1,>.3-<=.7,38
2.82,1,AB,1,<=.3,38
5.14,1,AB,2,<.7-1.0,38
3.09,1,AB,2,>.3-<=.7,38
3.41,1,AB,2,>.3-<=.7,38
2.54,0,AB,1,<=.3,38
3.06,0,AB,2,>.3-<=.7,38
3.02,1,AB,2,<=.3,38
5.35,0,AB,1,<.7-1.0,38
1.93,0,AB,1,<=.3,38
4.07,1,AB,1,>.3-<=.7,38
8.64,1,AA,2,<.7-1.0,38
5.68,1,AA,2,<.7-1.0,38
2.8,1,AA,1,>.3-<=.7,38
1.81,1,AA,2,<=.3,38
2.47,1,AA,2,>.3-<=.7,38
1.9,1,AA,1,<=.3,38
1.67,0,AA,1,<=.3,38
5.77,1,AA,2,<.7-1.0,38
4.35,0,AA,1,<.7-1.0,38
6.37,0,AA,2,<.7-1.0,38
2.91,1,AA,1,>.3-<=.7,38
1.29,1,AA,1,<=.3,38
4.61,1,AA,1,<.7-1.0,38
6.93,1,AA,2,<.7-1.0,38
4.71,1,AA,2,<.7-1.0,38
2.44,1,AA,2,<=.3,38
4.23,0,AA,2,<.7-1.0,38
2.15,1,AA,1,<=.3,38
3.74,0,AA,2,>.3-<=.7,38
1.82,1,AA,1,<=.3,38
2.84,1,AA,1,>.3-<=.7,38
2,0,AA,1,<=.3,38
3.16,1,AA,2,>.3-<=.7,38
2.35,1,AA,1,<=.3,38
2.72,1,AA,2,>.3-<=.7,38
1.99,1,AA,1,<=.3,38
3.22,1,AA,2,>.3-<=.7,38
3.94,1,AA,1,>.3-<=.7,38
3.51,1,AA,2,>.3-<=.7,38
3.21,1,AA,2,>.3-<=.7,38
8.87,1,AA,1,<.7-1.0,38
3.17,1,AA,1,>.3-<=.7,38
13.6,1,AB,1,<.7-1.0,39
6.8,1,AB,2,<.7-1.0,39
7.81,1,AB,2,<.7-1.0,39
9.05,1,AB,1,<.7-1.0,39
5.4,1,AB,1,>.3-<=.7,39
3.71,1,AB,1,<=.3,39
8.14,0,AB,2,<.7-1.0,39
3.35,1,AB,2,<=.3,39
4.4,1,AB,1,>.3-<=.7,39
8.34,1,AB,1,<.7-1.0,39
5.69,1,AB,1,>.3-<=.7,39
5.15,1,AB,2,>.3-<=.7,39
8.75,1,AB,2,<.7-1.0,39
2.45,1,AB,1,<=.3,39
2.79,1,AB,2,<=.3,39
4.48,0,AB,1,>.3-<=.7,39
20.08,0,AB,2,<.7-1.0,39
3.56,1,AB,2,<=.3,39
3.98,1,AB,2,<=.3,39
5.14,1,AB,1,>.3-<=.7,39
4.37,1,AB,2,>.3-<=.7,39
7.26,1,AB,1,<.7-1.0,39
12.15,1,AB,2,<.7-1.0,39
5.43,1,AB,2,>.3-<=.7,39
4.07,1,AB,2,>.3-<=.7,39
4.71,1,AB,1,>.3-<=.7,39
2.32,1,AB,1,<=.3,39
2.74,1,AB,1,<=.3,39
5.86,1,AB,1,>.3-<=.7,39
2.32,1,AB,2,<=.3,39
3.48,1,AB,2,<=.3,39
5.66,1,AB,1,>.3-<=.7,39
6.45,1,AA,2,<.7-1.0,39
2.86,1,AA,2,<=.3,39
3.27,1,AA,1,>.3-<=.7,39
1.92,1,AA,1,<=.3,39
4.84,1,AA,1,>.3-<=.7,39
2.81,1,AA,2,<=.3,39
6.76,1,AA,1,<.7-1.0,39
4.33,1,AA,1,>.3-<=.7,39
2.22,1,AA,1,<=.3,39
5.55,1,AA,2,<.7-1.0,39
3.93,1,AA,2,>.3-<=.7,39
8.24,1,AA,2,<.7-1.0,39
2.53,1,AA,2,<=.3,39
4.1,1,AA,1,>.3-<=.7,39
4.31,1,AA,1,>.3-<=.7,39
10.7,1,AA,2,<.7-1.0,39
2.3,1,AA,2,<=.3,39
7.96,1,AA,1,<.7-1.0,39
10.2,0,AA,1,<.7-1.0,39
2.63,1,AA,1,<=.3,39
3.49,1,AA,1,>.3-<=.7,39
6.33,0,AA,2,<.7-1.0,39
5.24,1,AA,1,>.3-<=.7,39
3.78,1,AA,1,>.3-<=.7,39
3.66,1,AA,2,>.3-<=.7,39
2.61,1,AA,2,<=.3,39
4.03,1,AA,1,>.3-<=.7,39
2.74,1,AA,2,<=.3,39
1.85,1,AA,2,<=.3,39
7.51,1,AA,2,<.7-1.0,39
7.88,1,AA,1,<.7-1.0,39
3.63,1,AA,2,>.3-<=.7,39
19.56,1,AB,2,<.7-1.0,4
7.55,1,AB,1,>.3-<=.7,4
11.7,1,AB,2,<.7-1.0,4
11.83,1,AB,2,<.7-1.0,4
12.52,1,AB,2,<.7-1.0,4
12.21,1,AB,2,<.7-1.0,4
10.25,1,AB,2,<.7-1.0,4
7.43,1,AB,2,>.3-<=.7,4
3.78,1,AB,2,<=.3,4
7.5,1,AB,1,>.3-<=.7,4
6.96,1,AB,1,>.3-<=.7,4
4.13,1,AB,2,<=.3,4
7.47,1,AB,2,>.3-<=.7,4
5.18,1,AB,1,>.3-<=.7,4
3.48,1,AB,1,<=.3,4
3.18,1,AB,2,<=.3,4
15.14,0,AB,1,<.7-1.0,4
4.35,0,AB,1,<=.3,4
3.94,1,AB,1,<=.3,4
3.36,1,AB,1,<=.3,4
5.19,1,AB,1,>.3-<=.7,4
8.85,1,AB,2,<.7-1.0,4
10.84,0,AB,1,<.7-1.0,4
4.51,0,AB,2,>.3-<=.7,4
5.39,1,AB,2,>.3-<=.7,4
2.99,0,AB,2,<=.3,4
3.65,1,AB,1,<=.3,4
5.59,0,AB,1,>.3-<=.7,4
10.36,1,AB,1,<.7-1.0,4
3.81,1,AB,1,<=.3,4
4.65,1,AB,1,>.3-<=.7,4
6.46,1,AB,2,>.3-<=.7,4
11.83,0,AA,2,<.7-1.0,4
5.61,1,AA,1,>.3-<=.7,4
7.59,1,AA,2,>.3-<=.7,4
13.58,0,AA,2,<.7-1.0,4
6.95,1,AA,2,>.3-<=.7,4
7.68,1,AA,1,>.3-<=.7,4
27.09,0,AA,1,<.7-1.0,4
14.41,0,AA,1,<.7-1.0,4
35.73,1,AA,2,<.7-1.0,4
6.62,1,AA,2,>.3-<=.7,4
6.15,1,AA,2,>.3-<=.7,4
5.59,1,AA,2,>.3-<=.7,4
13.4,1,AA,2,<.7-1.0,4
4.98,1,AA,1,<=.3,4
16.87,1,AA,2,<.7-1.0,4
2.84,1,AA,1,<=.3,4
4.84,1,AA,2,<=.3,4
2.69,1,AA,2,<=.3,4
6.44,1,AA,1,>.3-<=.7,4
8.72,1,AA,1,<.7-1.0,4
10.17,1,AA,2,<.7-1.0,4
20.61,1,AA,1,<.7-1.0,4
2.68,1,AA,1,<=.3,4
2.06,1,AA,1,<=.3,4
6.45,1,AA,1,>.3-<=.7,4
3.86,0,AA,1,<=.3,4
5.46,1,AA,2,<=.3,4
3.47,1,AA,2,<=.3,4
6.85,1,AA,2,>.3-<=.7,4
5.59,1,AA,1,>.3-<=.7,4
6.48,1,AA,1,>.3-<=.7,4
2.72,1,AA,1,<=.3,4
9.4,1,AB,2,>.3-<=.7,40
28.54,0,AB,2,<.7-1.0,40
14.27,1,AB,1,<.7-1.0,40
6.29,1,AB,1,>.3-<=.7,40
16.74,1,AB,2,<.7-1.0,40
6.19,1,AB,2,<=.3,40
13.17,1,AB,1,<.7-1.0,40
18.77,1,AB,2,<.7-1.0,40
3.18,1,AB,2,<=.3,40
6.2,0,AB,1,>.3-<=.7,40
19.63,0,AB,2,<.7-1.0,40
6.54,1,AB,1,>.3-<=.7,40
8.27,1,AB,1,>.3-<=.7,40
13.15,1,AB,1,<.7-1.0,40
10.75,1,AB,2,<.7-1.0,40
9.24,1,AB,2,>.3-<=.7,40
9.44,0,AB,1,>.3-<=.7,40
4.26,1,AB,1,<=.3,40
6.78,1,AB,2,>.3-<=.7,40
2.82,1,AB,2,<=.3,40
12.5,1,AB,1,<.7-1.0,40
4.35,1,AB,2,<=.3,40
9.95,0,AB,1,>.3-<=.7,40
5.32,1,AB,2,<=.3,40
6.49,0,AB,1,>.3-<=.7,40
14.46,1,AB,2,<.7-1.0,40
4.99,1,AB,2,<=.3,40
6.63,1,AB,1,>.3-<=.7,40
10.35,1,AB,2,>.3-<=.7,40
3.11,1,AB,1,<=.3,40
6.03,0,AB,1,<=.3,40
2.95,1,AB,1,<=.3,40
17.23,0,AA,1,<.7-1.0,40
5.62,1,AA,1,>.3-<=.7,40
4.04,1,AA,2,<=.3,40
2.55,1,AA,2,<=.3,40
2.79,1,AA,1,<=.3,40
3.53,1,AA,1,<=.3,40
2.99,1,AA,1,<=.3,40
8.13,1,AA,2,>.3-<=.7,40
12.97,1,AA,2,<.7-1.0,40
28.87,1,AA,1,<.7-1.0,40
4.11,1,AA,2,>.3-<=.7,40
6.27,1,AA,2,>.3-<=.7,40
11.62,1,AA,1,<.7-1.0,40
8.53,1,AA,1,>.3-<=.7,40
6.7,1,AA,2,>.3-<=.7,40
5.38,1,AA,2,>.3-<=.7,40
5.04,1,AA,2,>.3-<=.7,40
16.61,0,AA,1,<.7-1.0,40
3.62,1,AA,1,<=.3,40
8.02,1,AA,1,>.3-<=.7,40
2.49,0,AA,1,<=.3,40
3.47,1,AA,2,<=.3,40
14.11,1,AA,2,<.7-1.0,40
10.5,1,AA,2,<.7-1.0,40
12.13,0,AA,1,<.7-1.0,40
8.58,1,AA,2,>.3-<=.7,40
2.79,0,AA,2,<=.3,40
2.95,1,AA,1,<=.3,40
10.31,1,AA,1,<.7-1.0,40
4.16,1,AA,1,>.3-<=.7,40
10.79,0,AA,2,<.7-1.0,40
9.67,0,AA,2,>.3-<=.7,40
14.51,1,AB,1,<.7-1.0,42
8.84,1,AB,1,<.7-1.0,42
10.04,1,AB,1,<.7-1.0,42
5.82,0,AB,1,>.3-<=.7,42
6.39,1,AB,1,>.3-<=.7,42
3.8,1,AB,1,<=.3,42
4.26,1,AB,2,<=.3,42
6.42,1,AB,2,<.7-1.0,42
4.59,1,AB,2,>.3-<=.7,42
3.18,1,AB,2,<=.3,42
6.85,1,AB,1,<.7-1.0,42
9.5,1,AB,1,<.7-1.0,42
14.79,0,AB,1,<.7-1.0,42
2.66,1,AB,1,<=.3,42
4.48,1,AB,2,>.3-<=.7,42
3.77,1,AB,1,<=.3,42
5.83,0,AB,1,>.3-<=.7,42
5.9,1,AB,2,>.3-<=.7,42
4.7,0,AB,2,>.3-<=.7,42
2.38,1,AB,2,<=.3,42
12.03,1,AB,2,<.7-1.0,42
12.68,1,AB,1,<.7-1.0,42
6.2,1,AB,2,>.3-<=.7,42
5.32,1,AB,2,>.3-<=.7,42
3.76,1,AB,2,<=.3,42
6.39,0,AB,2,>.3-<=.7,42
4.62,1,AB,2,>.3-<=.7,42
4.04,1,AB,1,<=.3,42
2.89,1,AB,2,<=.3,42
4.35,1,AB,2,>.3-<=.7,42
7.24,1,AB,1,<.7-1.0,42
3.99,0,AB,1,<=.3,42
16.4,1,AA,1,<.7-1.0,42
6.68,1,AA,2,>.3-<=.7,42
7.2,1,AA,2,>.3-<=.7,42
8.02,1,AA,1,<.7-1.0,42
6.29,1,AA,2,>.3-<=.7,42
4.32,1,AA,1,<=.3,42
7.98,0,AA,1,<.7-1.0,42
3.04,0,AA,2,<=.3,42
3.42,1,AA,2,<=.3,42
22.26,1,AA,2,<.7-1.0,42
5.34,0,AA,1,>.3-<=.7,42
6.31,0,AA,2,>.3-<=.7,42
13.73,0,AA,2,<.7-1.0,42
3.36,0,AA,1,<=.3,42
4.79,1,AA,1,>.3-<=.7,42
5.14,0,AA,2,>.3-<=.7,42
13.6,1,AA,2,<.7-1.0,42
4.72,1,AA,1,>.3-<=.7,42
3.3,0,AA,2,<=.3,42
6.9,0,AA,1,>.3-<=.7,42
3.88,0,AA,1,<=.3,42
21.2,1,AA,1,<.7-1.0,42
2.98,0,AA,1,<=.3,42
5.63,1,AA,1,>.3-<=.7,42
3.84,1,AA,2,<=.3,42
3.63,1,AA,2,<=.3,42
4.67,0,AA,2,<=.3,42
9.86,1,AA,2,<.7-1.0,42
10.15,1,AA,1,<.7-1.0,42
7.96,0,AA,2,<.7-1.0,42
7.15,0,AA,1,>.3-<=.7,42
4.74,1,AA,1,>.3-<=.7,42
2,0,AB,1,<=.3,43
4.34,0,AB,2,<.7-1.0,43
4.53,0,AB,2,<.7-1.0,43
1.98,1,AB,1,<=.3,43
1.94,1,AB,1,<=.3,43
2.22,1,AB,1,>.3-<=.7,43
6.19,1,AB,2,<.7-1.0,43
3.24,0,AB,2,>.3-<=.7,43
1.01,0,AB,2,<=.3,43
2.73,1,AB,1,>.3-<=.7,43
2.73,1,AB,1,>.3-<=.7,43
2.12,0,AB,1,>.3-<=.7,43
1.19,1,AB,1,<=.3,43
2.1,0,AB,1,>.3-<=.7,43
1.93,1,AB,2,<=.3,43
2.96,1,AB,2,>.3-<=.7,43
3.83,1,AB,1,<.7-1.0,43
2.25,1,AB,2,>.3-<=.7,43
1.98,0,AB,2,<=.3,43
1.52,1,AB,2,<=.3,43
2.78,1,AB,1,>.3-<=.7,43
3.29,0,AB,1,<.7-1.0,43
2.61,1,AB,2,>.3-<=.7,43
4.77,0,AB,1,<.7-1.0,43
2.77,0,AB,2,>.3-<=.7,43
4.11,1,AB,2,<.7-1.0,43
2.31,0,AB,2,>.3-<=.7,43
3.24,1,AB,1,>.3-<=.7,43
1.72,1,AB,2,<=.3,43
3.97,1,AB,1,<.7-1.0,43
1.2,0,AB,2,<=.3,43
3.72,0,AB,1,<.7-1.0,43
6.13,1,AA,1,<.7-1.0,43
6.56,1,AA,1,<.7-1.0,43
2.65,1,AA,2,<=.3,43
1.72,1,AA,2,<=.3,43
4.86,0,AA,2,>.3-<=.7,43
1.73,1,AA,1,<=.3,43
2.18,1,AA,2,<=.3,43
4.16,1,AA,1,>.3-<=.7,43
3.84,0,AA,1,>.3-<=.7,43
1.52,1,AA,1,<=.3,43
1.7,0,AA,1,<=.3,43
1.91,1,AA,1,<=.3,43
6.43,0,AA,2,<.7-1.0,43
4.89,1,AA,1,>.3-<=.7,43
5.8,0,AA,1,<.7-1.0,43
2.25,0,AA,2,<=.3,43
4.88,1,AA,2,>.3-<=.7,43
3.61,1,AA,2,>.3-<=.7,43
3.96,1,AA,2,>.3-<=.7,43
4.77,1,AA,2,>.3-<=.7,43
2.7,1,AA,2,<=.3,43
2.94,1,AA,2,<=.3,43
5.45,1,AA,1,<.7-1.0,43
5.4,1,AA,1,<.7-1.0,43
5.1,0,AA,1,<.7-1.0,43
5.5,0,AA,2,<.7-1.0,43
5.5,1,AA,1,<.7-1.0,43
4.98,0,AA,1,>.3-<=.7,43
4.45,1,AA,1,>.3-<=.7,43
4.29,0,AA,2,>.3-<=.7,43
6.58,0,AA,2,<.7-1.0,43
4.89,1,AA,2,>.3-<=.7,43
5.52,1,AB,1,<.7-1.0,44
7.23,1,AB,2,<.7-1.0,44
10.26,1,AB,2,<.7-1.0,44
3.35,1,AB,2,>.3-<=.7,44
2.61,0,AB,1,>.3-<=.7,44
7.97,0,AB,1,<.7-1.0,44
9.24,1,AB,2,<.7-1.0,44
3.5,1,AB,1,>.3-<=.7,44
3.79,1,AB,2,>.3-<=.7,44
3.09,1,AB,1,>.3-<=.7,44
2.1,1,AB,1,<=.3,44
2.8,1,AB,1,>.3-<=.7,44
5.67,0,AB,2,<.7-1.0,44
2.06,0,AB,2,<=.3,44
5.43,0,AB,1,<.7-1.0,44
5.33,1,AB,2,<.7-1.0,44
4.1,1,AB,2,<.7-1.0,44
4.09,1,AB,2,<.7-1.0,44
3.83,1,AB,1,>.3-<=.7,44
2.49,0,AB,1,<=.3,44
2.44,1,AB,1,<=.3,44
2.76,1,AB,2,>.3-<=.7,44
3.13,1,AB,2,>.3-<=.7,44
1.89,0,AB,1,<=.3,44
3.88,0,AB,2,>.3-<=.7,44
2.41,1,AB,1,<=.3,44
2.35,1,AB,2,<=.3,44
2.38,1,AB,1,<=.3,44
1.97,1,AB,1,<=.3,44
2.91,1,AB,2,>.3-<=.7,44
2.74,0,AB,1,>.3-<=.7,44
2.05,0,AB,2,<=.3,44
4.64,0,AA,2,>.3-<=.7,44
7.36,0,AA,1,<.7-1.0,44
3.8,1,AA,2,>.3-<=.7,44
5.5,0,AA,1,>.3-<=.7,44
7.06,0,AA,2,<.7-1.0,44
6.38,1,AA,2,<.7-1.0,44
7.82,1,AA,1,<.7-1.0,44
7.9,0,AA,1,<.7-1.0,44
2.6,1,AA,2,<=.3,44
4.48,1,AA,2,>.3-<=.7,44
2.74,1,AA,2,<=.3,44
2.1,1,AA,1,<=.3,44
7.61,1,AA,2,<.7-1.0,44
4.51,1,AA,1,>.3-<=.7,44
2.81,1,AA,2,<=.3,44
3.59,1,AA,1,>.3-<=.7,44
4.34,0,AA,2,>.3-<=.7,44
6.92,0,AA,1,<.7-1.0,44
2.28,1,AA,2,<=.3,44
2.73,1,AA,1,<=.3,44
1.51,1,AA,1,<=.3,44
4.57,1,AA,2,>.3-<=.7,44
8.18,1,AA,2,<.7-1.0,44
4.74,1,AA,1,>.3-<=.7,44
4.15,1,AA,2,>.3-<=.7,44
2.96,1,AA,1,>.3-<=.7,44
2.55,1,AA,1,<=.3,44
2.92,0,AA,1,<=.3,44
3.28,0,AA,2,>.3-<=.7,44
5.94,0,AA,1,<.7-1.0,44
6.3,1,AA,1,<.7-1.0,44
2.14,0,AA,2,<=.3,44
5.37,1,AB,2,>.3-<=.7,45
8.1,1,AB,2,<.7-1.0,45
7.02,0,AB,1,>.3-<=.7,45
5.92,1,AB,1,>.3-<=.7,45
8.1,1,AB,1,<.7-1.0,45
6.45,0,AB,2,>.3-<=.7,45
2.84,1,AB,2,<=.3,45
8.09,1,AB,1,<.7-1.0,45
3.84,1,AB,2,<=.3,45
9.15,0,AB,2,<.7-1.0,45
10.92,0,AB,2,<.7-1.0,45
2.63,1,AB,2,<=.3,45
6.47,1,AB,1,>.3-<=.7,45
8.74,1,AB,1,<.7-1.0,45
4.57,1,AB,1,<=.3,45
5.89,1,AB,2,>.3-<=.7,45
3.86,0,AB,1,<=.3,45
12.15,1,AB,1,<.7-1.0,45
8.3,0,AB,1,<.7-1.0,45
3.4,1,AB,1,<=.3,45
5.04,0,AB,1,>.3-<=.7,45
3.41,1,AB,1,<=.3,45
5.54,1,AB,2,>.3-<=.7,45
8.15,1,AB,1,<.7-1.0,45
3,1,AB,2,<=.3,45
4.84,1,AB,2,<=.3,45
8.86,1,AB,1,<.7-1.0,45
5.17,0,AB,2,>.3-<=.7,45
5.28,1,AB,2,>.3-<=.7,45
5.57,1,AB,1,>.3-<=.7,45
6.98,1,AB,2,>.3-<=.7,45
2.75,1,AB,2,<=.3,45
9.18,1,AA,1,<.7-1.0,45
8.31,1,AA,1,<.7-1.0,45
10.39,0,AA,1,<.7-1.0,45
2.97,1,AA,2,<=.3,45
3.06,1,AA,1,<=.3,45
2.6,1,AA,2,<=.3,45
5.56,1,AA,2,>.3-<=.7,45
5.06,1,AA,2,>.3-<=.7,45
6.47,1,AA,1,>.3-<=.7,45
6.89,0,AA,2,<.7-1.0,45
5.62,1,AA,1,>.3-<=.7,45
6.58,0,AA,2,>.3-<=.7,45
7.53,1,AA,2,<.7-1.0,45
16.08,0,AA,1,<.7-1.0,45
5.41,0,AA,1,>.3-<=.7,45
3.09,1,AA,2,<=.3,45
2.38,1,AA,1,<=.3,45
2.93,1,AA,1,<=.3,45
2.67,1,AA,2,<=.3,45
3.92,1,AA,2,<=.3,45
7.05,1,AA,1,<.7-1.0,45
6.1,0,AA,1,>.3-<=.7,45
9.95,0,AA,1,<.7-1.0,45
4.16,1,AA,2,>.3-<=.7,45
6.45,1,AA,2,>.3-<=.7,45
10.38,0,AA,2,<.7-1.0,45
2.65,1,AA,1,<=.3,45
7.87,1,AA,1,<.7-1.0,45
4.76,1,AA,2,>.3-<=.7,45
3.18,1,AA,1,<=.3,45
4.31,0,AA,2,>.3-<=.7,45
5.23,1,AA,2,>.3-<=.7,45
11.58,1,AB,2,>.3-<=.7,46
11.42,1,AB,2,>.3-<=.7,46
2.44,1,AB,2,<=.3,46
2.17,1,AB,2,<=.3,46
26.78,1,AB,2,<.7-1.0,46
13.19,1,AB,1,<.7-1.0,46
4.97,1,AB,1,>.3-<=.7,46
36.12,0,AB,2,<.7-1.0,46
9.31,1,AB,1,>.3-<=.7,46
6.01,1,AB,1,>.3-<=.7,46
2.04,1,AB,1,<=.3,46
2.02,1,AB,2,<=.3,46
14.66,1,AB,2,<.7-1.0,46
4.55,1,AB,2,<=.3,46
17.79,1,AB,2,<.7-1.0,46
12.06,1,AB,2,<.7-1.0,46
4.76,1,AB,1,>.3-<=.7,46
10.17,1,AB,2,>.3-<=.7,46
4.01,1,AB,1,<=.3,46
17.7,1,AB,1,<.7-1.0,46
31.02,1,AB,1,<.7-1.0,46
6.25,1,AB,1,>.3-<=.7,46
10.43,1,AB,2,>.3-<=.7,46
2.56,1,AB,1,<=.3,46
6.38,1,AB,2,>.3-<=.7,46
18.05,1,AB,1,<.7-1.0,46
3.33,1,AB,1,<=.3,46
8.3,1,AB,1,>.3-<=.7,46
8.35,1,AB,1,>.3-<=.7,46
2.54,1,AB,1,<=.3,46
1.53,1,AB,2,<=.3,46
11.86,1,AB,2,<.7-1.0,46
25.01,0,AA,1,<.7-1.0,46
3.06,1,AA,1,<=.3,46
2.09,1,AA,1,<=.3,46
6.03,1,AA,1,>.3-<=.7,46
2.18,1,AA,1,<=.3,46
4.61,1,AA,1,>.3-<=.7,46
8.08,0,AA,1,<.7-1.0,46
3.88,1,AA,1,>.3-<=.7,46
3.44,1,AA,1,>.3-<=.7,46
3.22,1,AA,2,<=.3,46
6.8,1,AA,1,>.3-<=.7,46
10.45,1,AA,2,<.7-1.0,46
2.42,1,AA,2,<=.3,46
5.19,1,AA,2,>.3-<=.7,46
7.17,1,AA,1,>.3-<=.7,46
15.57,1,AA,1,<.7-1.0,46
2.19,1,AA,1,<=.3,46
5.16,1,AA,2,>.3-<=.7,46
8.57,0,AA,2,<.7-1.0,46
5.08,1,AA,2,>.3-<=.7,46
15.07,1,AA,2,<.7-1.0,46
19.74,1,AA,2,<.7-1.0,46
12.8,1,AA,1,<.7-1.0,46
4.61,1,AA,2,>.3-<=.7,46
4.62,1,AA,2,>.3-<=.7,46
1.89,1,AA,2,<=.3,46
2,1,AA,2,<=.3,46
6.07,1,AA,2,>.3-<=.7,46
3.34,1,AA,1,<=.3,46
3.35,1,AA,2,<=.3,46
7.49,1,AA,1,<.7-1.0,46
11.41,0,AA,2,<.7-1.0,46
9.03,0,AB,1,<.7-1.0,47
5.96,1,AB,1,>.3-<=.7,47
7.4,1,AB,1,>.3-<=.7,47
4.56,1,AB,2,<=.3,47
9.84,0,AB,1,<.7-1.0,47
9.7,1,AB,2,<.7-1.0,47
6.3,1,AB,2,>.3-<=.7,47
6.47,1,AB,2,>.3-<=.7,47
8.26,1,AB,2,<.7-1.0,47
6.62,1,AB,2,>.3-<=.7,47
3.87,1,AB,2,<=.3,47
6.43,1,AB,1,>.3-<=.7,47
12.8,1,AB,2,<.7-1.0,47
8.27,1,AB,1,<.7-1.0,47
18.03,1,AB,2,<.7-1.0,47
4.89,1,AB,2,<=.3,47
3.88,1,AB,1,<=.3,47
6.86,1,AB,2,>.3-<=.7,47
3.51,1,AB,2,<=.3,47
5.35,1,AB,1,>.3-<=.7,47
6.29,1,AB,1,>.3-<=.7,47
7.41,1,AB,1,>.3-<=.7,47
4.4,1,AB,2,<=.3,47
6.83,0,AB,1,>.3-<=.7,47
16.2,0,AB,1,<.7-1.0,47
3.36,1,AB,2,<=.3,47
5.62,1,AB,1,>.3-<=.7,47
4.97,1,AB,2,<=.3,47
10.45,1,AB,1,<.7-1.0,47
3.39,1,AB,2,<=.3,47
2.93,1,AB,1,<=.3,47
8.96,1,AB,1,<.7-1.0,47
3.69,1,AA,1,<=.3,47
4.23,1,AA,2,>.3-<=.7,47
6.89,1,AA,1,>.3-<=.7,47
2.41,1,AA,1,<=.3,47
7.74,1,AA,2,<.7-1.0,47
4.25,1,AA,2,>.3-<=.7,47
6.2,1,AA,2,>.3-<=.7,47
2.63,1,AA,2,<=.3,47
10.32,1,AA,2,<.7-1.0,47
3.58,1,AA,1,<=.3,47
2.52,1,AA,2,<=.3,47
3.77,1,AA,2,<=.3,47
2.97,0,AA,1,<=.3,47
4.21,1,AA,2,<=.3,47
7.2,1,AA,2,>.3-<=.7,47
8.89,1,AA,1,<.7-1.0,47
12.69,1,AA,2,<.7-1.0,47
6.9,1,AA,1,>.3-<=.7,47
7.98,1,AA,2,<.7-1.0,47
22.05,1,AA,1,<.7-1.0,47
7.4,1,AA,1,<.7-1.0,47
9.42,0,AA,1,<.7-1.0,47
4.62,1,AA,2,>.3-<=.7,47
5.82,1,AA,2,>.3-<=.7,47
4.86,0,AA,1,>.3-<=.7,47
4.32,1,AA,1,>.3-<=.7,47
2.68,1,AA,1,<=.3,47
7.02,1,AA,1,>.3-<=.7,47
19.79,1,AA,1,<.7-1.0,47
13.21,0,AA,2,<.7-1.0,47
5.27,1,AA,2,>.3-<=.7,47
4.07,1,AA,1,<=.3,47
4.67,0,AB,1,>.3-<=.7,48
4.68,1,AB,2,>.3-<=.7,48
13.73,1,AB,1,<.7-1.0,48
7.42,1,AB,1,<.7-1.0,48
11.07,0,AB,1,<.7-1.0,48
4.79,0,AB,2,>.3-<=.7,48
6.54,1,AB,1,>.3-<=.7,48
5.42,1,AB,2,>.3-<=.7,48
2.93,1,AB,1,<=.3,48
2.57,1,AB,1,<=.3,48
3.49,1,AB,1,<=.3,48
3.76,1,AB,2,>.3-<=.7,48
23.09,0,AB,1,<.7-1.0,48
2.72,1,AB,2,<=.3,48
4.37,0,AB,1,>.3-<=.7,48
6.72,0,AB,2,<.7-1.0,48
15.17,0,AB,1,<.7-1.0,48
3.23,0,AB,1,<=.3,48
6.48,1,AB,2,>.3-<=.7,48
3.75,0,AB,2,>.3-<=.7,48
6.56,1,AB,1,>.3-<=.7,48
2.04,1,AB,2,<=.3,48
3.22,0,AB,2,<=.3,48
7.06,1,AB,1,<.7-1.0,48
3.36,1,AB,2,<=.3,48
2.85,1,AB,2,<=.3,48
24.43,1,AB,2,<.7-1.0,48
6.04,1,AB,2,>.3-<=.7,48
2.03,1,AB,2,<=.3,48
18.87,0,AB,1,<.7-1.0,48
4.44,1,AB,2,>.3-<=.7,48
7.65,1,AB,1,<.7-1.0,48
15.99,0,AA,2,<.7-1.0,48
8.12,0,AA,2,>.3-<=.7,48
18.66,0,AA,2,<.7-1.0,48
8.82,1,AA,1,>.3-<=.7,48
17.96,1,AA,1,<.7-1.0,48
8.56,1,AA,2,>.3-<=.7,48
17.41,1,AA,2,<.7-1.0,48
14.82,0,AA,2,<.7-1.0,48
4.44,1,AA,1,<=.3,48
13.22,0,AA,1,>.3-<=.7,48
3.62,1,AA,1,<=.3,48
4.55,1,AA,1,<=.3,48
5.52,1,AA,2,<=.3,48
10.63,1,AA,1,>.3-<=.7,48
6.68,1,AA,1,<=.3,48
6.7,1,AA,2,<=.3,48
4.68,1,AA,2,<=.3,48
5.88,1,AA,2,<=.3,48
13.38,0,AA,1,<.7-1.0,48
10.46,1,AA,1,>.3-<=.7,48
15.9,0,AA,2,<.7-1.0,48
6.42,1,AA,1,<=.3,48
16.67,1,AA,1,<.7-1.0,48
8.56,1,AA,1,>.3-<=.7,48
9.97,1,AA,1,>.3-<=.7,48
8.1,1,AA,2,>.3-<=.7,48
5.15,1,AA,2,<=.3,48
25.55,1,AA,2,<.7-1.0,48
19.17,1,AA,2,<.7-1.0,48
11.07,1,AA,1,>.3-<=.7,48
7.79,0,AA,1,>.3-<=.7,48
8.62,1,AA,2,>.3-<=.7,48
1.45,1,AB,2,>.3-<=.7,49
1.71,1,AB,2,>.3-<=.7,49
0.79,1,AB,1,<=.3,49
1.85,1,AB,2,>.3-<=.7,49
1.86,1,AB,1,>.3-<=.7,49
1.3,1,AB,1,<=.3,49
3.54,1,AB,2,<.7-1.0,49
1.28,1,AB,2,<=.3,49
2.81,1,AB,2,<.7-1.0,49
4.91,1,AB,2,<.7-1.0,49
1.09,1,AB,2,<=.3,49
1.5,1,AB,1,>.3-<=.7,49
1.56,0,AB,1,>.3-<=.7,49
2.24,1,AB,1,>.3-<=.7,49
2.5,1,AB,1,<.7-1.0,49
1.42,0,AB,1,<=.3,49
1.56,1,AB,1,>.3-<=.7,49
3.42,1,AB,2,<.7-1.0,49
0.93,1,AB,2,<=.3,49
5.54,0,AB,1,<.7-1.0,49
3.5,1,AB,1,<.7-1.0,49
1.19,1,AB,2,<=.3,49
1.33,1,AB,2,<=.3,49
1.3,1,AB,2,<=.3,49
3.76,1,AB,1,<.7-1.0,49
2.91,1,AB,2,<.7-1.0,49
1.7,1,AB,2,>.3-<=.7,49
2.35,1,AB,2,>.3-<=.7,49
2.68,1,AB,1,<.7-1.0,49
1.47,1,AB,1,>.3-<=.7,49
2.38,1,AB,1,>.3-<=.7,49
1.39,1,AB,1,<=.3,49
0.97,1,AA,2,<=.3,49
4.24,1,AA,1,<.7-1.0,49
1.24,1,AA,2,<=.3,49
1.06,1,AA,2,<=.3,49
1.09,1,AA,2,<=.3,49
1.27,1,AA,1,>.3-<=.7,49
0.85,1,AA,2,<=.3,49
5.29,0,AA,2,<.7-1.0,49
1,1,AA,1,<=.3,49
6.36,1,AA,1,<.7-1.0,49
1.23,1,AA,2,<=.3,49
3.73,1,AA,1,<.7-1.0,49
2,1,AA,2,>.3-<=.7,49
3.79,1,AA,1,<.7-1.0,49
10.88,0,AA,1,<.7-1.0,49
2.58,1,AA,2,>.3-<=.7,49
2.91,1,AA,1,>.3-<=.7,49
5.79,1,AA,1,<.7-1.0,49
3.57,1,AA,2,>.3-<=.7,49
2.79,1,AA,1,>.3-<=.7,49
1.89,1,AA,1,>.3-<=.7,49
0.99,1,AA,1,<=.3,49
2.19,1,AA,2,>.3-<=.7,49
5.49,0,AA,2,<.7-1.0,49
1,1,AA,1,<=.3,49
5.2,0,AA,2,<.7-1.0,49
3.62,1,AA,1,>.3-<=.7,49
1.83,1,AA,1,>.3-<=.7,49
1.18,1,AA,1,<=.3,49
3.96,1,AA,2,<.7-1.0,49
2.75,1,AA,2,>.3-<=.7,49
1.9,1,AA,2,>.3-<=.7,49
9.19,0,AB,2,<.7-1.0,5
2.7,1,AB,1,<=.3,5
2.09,1,AB,2,<=.3,5
2.18,1,AB,2,<=.3,5
5.2,1,AB,1,>.3-<=.7,5
14.13,0,AB,2,<.7-1.0,5
6.93,1,AB,1,>.3-<=.7,5
19.32,1,AB,1,<.7-1.0,5
11.33,1,AB,1,<.7-1.0,5
5.43,1,AB,1,>.3-<=.7,5
4.34,1,AB,2,>.3-<=.7,5
8.37,1,AB,2,<.7-1.0,5
2.19,1,AB,2,<=.3,5
10.57,1,AB,2,<.7-1.0,5
2.04,1,AB,2,<=.3,5
3.57,1,AB,1,>.3-<=.7,5
7.62,1,AB,2,<.7-1.0,5
6.61,1,AB,1,>.3-<=.7,5
3.92,1,AB,2,>.3-<=.7,5
4.41,1,AB,1,>.3-<=.7,5
7.65,1,AB,2,<.7-1.0,5
2.1,0,AB,1,<=.3,5
9.05,1,AB,1,<.7-1.0,5
7.05,1,AB,2,<.7-1.0,5
4.35,1,AB,1,>.3-<=.7,5
4.91,0,AB,1,>.3-<=.7,5
2.51,1,AB,1,<=.3,5
2.64,1,AB,2,<=.3,5
1.74,1,AB,2,<=.3,5
2.1,1,AB,1,<=.3,5
4.72,1,AB,1,>.3-<=.7,5
3.26,1,AB,2,>.3-<=.7,5
2.14,1,AA,2,<=.3,5
4.61,0,AA,2,<.7-1.0,5
1.93,1,AA,1,<=.3,5
15.62,0,AA,2,<.7-1.0,5
3.21,1,AA,1,>.3-<=.7,5
2.48,1,AA,2,<=.3,5
2.26,0,AA,1,<=.3,5
2.25,1,AA,1,<=.3,5
2.72,1,AA,2,>.3-<=.7,5
16.25,1,AA,2,<.7-1.0,5
3.08,1,AA,1,>.3-<=.7,5
7.46,1,AA,2,<.7-1.0,5
12.27,0,AA,1,<.7-1.0,5
3.1,1,AA,1,>.3-<=.7,5
1.54,1,AA,1,<=.3,5
1.63,1,AA,2,<=.3,5
3.35,1,AA,2,>.3-<=.7,5
1.39,1,AA,1,<=.3,5
2.2,1,AA,2,<=.3,5
3.39,1,AA,1,>.3-<=.7,5
1.54,1,AA,1,<=.3,5
2.93,1,AA,2,>.3-<=.7,5
3.09,1,AA,2,>.3-<=.7,5
12.78,1,AA,1,<.7-1.0,5
7.97,1,AA,1,<.7-1.0,5
4.86,1,AA,2,<.7-1.0,5
3.05,1,AA,2,>.3-<=.7,5
6.91,1,AA,1,<.7-1.0,5
3.3,1,AA,2,>.3-<=.7,5
2.8,1,AA,2,>.3-<=.7,5
4.25,1,AA,1,<.7-1.0,5
3.66,1,AA,1,>.3-<=.7,5
14.39,1,AB,2,<.7-1.0,50
4.77,0,AB,2,>.3-<=.7,50
5.58,1,AB,1,>.3-<=.7,50
5.71,1,AB,2,>.3-<=.7,50
6.25,1,AB,2,<.7-1.0,50
6.93,1,AB,1,<.7-1.0,50
7.49,0,AB,2,<.7-1.0,50
7.35,1,AB,2,<.7-1.0,50
5.61,1,AB,1,>.3-<=.7,50
6.24,1,AB,2,>.3-<=.7,50
7.49,1,AB,2,<.7-1.0,50
18.41,0,AB,1,<.7-1.0,50
6.24,0,AB,2,>.3-<=.7,50
5.08,0,AB,1,>.3-<=.7,50
3.83,1,AB,2,<=.3,50
4.56,0,AB,1,>.3-<=.7,50
4.24,1,AB,1,<=.3,50
4.02,0,AB,1,<=.3,50
5.27,1,AB,2,>.3-<=.7,50
6.26,0,AB,2,<.7-1.0,50
4.44,1,AB,2,<=.3,50
3.64,1,AB,1,<=.3,50
5.07,1,AB,2,>.3-<=.7,50
4.45,1,AB,2,<=.3,50
4.32,1,AB,1,<=.3,50
5.58,0,AB,2,>.3-<=.7,50
11.43,1,AB,1,<.7-1.0,50
2.41,1,AB,1,<=.3,50
8.75,1,AB,1,<.7-1.0,50
4.22,0,AB,1,<=.3,50
4.55,1,AB,1,>.3-<=.7,50
3.08,1,AB,1,<=.3,50
6.18,0,AA,2,>.3-<=.7,50
5.92,1,AA,1,>.3-<=.7,50
13.38,1,AA,1,<.7-1.0,50
14,1,AA,2,<.7-1.0,50
6.09,1,AA,2,>.3-<=.7,50
5.43,0,AA,2,>.3-<=.7,50
5.37,0,AA,1,>.3-<=.7,50
5.98,1,AA,1,>.3-<=.7,50
6.93,1,AA,1,>.3-<=.7,50
8.61,1,AA,1,<.7-1.0,50
10.71,1,AA,2,<.7-1.0,50
12.3,1,AA,1,<.7-1.0,50
5.24,1,AA,1,<=.3,50
7.06,1,AA,2,<.7-1.0,50
5.06,1,AA,2,<=.3,50
6.72,1,AA,1,>.3-<=.7,50
3.41,1,AA,1,<=.3,50
6.53,1,AA,1,>.3-<=.7,50
6.81,1,AA,2,>.3-<=.7,50
4.28,1,AA,2,<=.3,50
7.08,1,AA,2,<.7-1.0,50
7.41,1,AA,2,<.7-1.0,50
3.45,1,AA,2,<=.3,50
16.4,0,AA,1,<.7-1.0,50
4.98,1,AA,2,<=.3,50
5.55,1,AA,1,>.3-<=.7,50
4.9,1,AA,1,<=.3,50
5.26,1,AA,2,<=.3,50
5.15,1,AA,2,<=.3,50
4,1,AA,2,<=.3,50
7.07,1,AA,1,<.7-1.0,50
6.8,0,AA,1,>.3-<=.7,50
11.5,1,AB,1,<.7-1.0,51
2.88,1,AB,1,>.3-<=.7,51
3.73,1,AB,1,<.7-1.0,51
2.34,1,AB,2,>.3-<=.7,51
1.46,1,AB,2,<=.3,51
7.44,1,AB,1,<.7-1.0,51
1.17,0,AB,1,<=.3,51
1.74,0,AB,2,<=.3,51
2.84,1,AB,2,>.3-<=.7,51
3.11,1,AB,2,<.7-1.0,51
6.44,1,AB,2,<.7-1.0,51
4.53,0,AB,2,<.7-1.0,51
2.04,1,AB,2,>.3-<=.7,51
2.19,1,AB,1,>.3-<=.7,51
1.69,1,AB,2,<=.3,51
4.91,1,AB,2,<.7-1.0,51
2.24,1,AB,2,>.3-<=.7,51
8.62,0,AB,1,<.7-1.0,51
1.86,1,AB,1,<=.3,51
1.83,1,AB,1,<=.3,51
2.58,0,AB,1,>.3-<=.7,51
3.96,1,AB,1,<.7-1.0,51
1.36,1,AB,1,<=.3,51
6.8,1,AB,1,<.7-1.0,51
2.71,1,AB,1,>.3-<=.7,51
1.9,1,AB,1,<=.3,51
1.75,1,AB,2,<=.3,51
1.65,0,AB,2,<=.3,51
2.86,1,AB,2,>.3-<=.7,51
2.24,1,AB,1,>.3-<=.7,51
2.56,1,AB,2,>.3-<=.7,51
2.03,1,AB,2,>.3-<=.7,51
3.03,1,AA,1,>.3-<=.7,51
4.34,1,AA,2,<.7-1.0,51
1.35,1,AA,1,<=.3,51
13.79,0,AA,1,<.7-1.0,51
2.86,1,AA,1,>.3-<=.7,51
2.49,1,AA,2,>.3-<=.7,51
1.42,1,AA,2,<=.3,51
1.54,1,AA,2,<=.3,51
6.29,0,AA,1,<.7-1.0,51
2.69,1,AA,2,>.3-<=.7,51
3.9,1,AA,1,<.7-1.0,51
1.62,1,AA,2,<=.3,51
4.25,1,AA,1,<.7-1.0,51
1.91,1,AA,1,<=.3,51
2.02,0,AA,2,<=.3,51
5.16,1,AA,1,<.7-1.0,51
2.85,1,AA,1,>.3-<=.7,51
2.71,0,AA,1,>.3-<=.7,51
3.71,1,AA,2,<.7-1.0,51
3.9,0,AA,2,<.7-1.0,51
1.61,0,AA,2,<=.3,51
3.24,1,AA,2,>.3-<=.7,51
1.98,1,AA,1,<=.3,51
1.3,1,AA,1,<=.3,51
2.41,0,AA,2,>.3-<=.7,51
2.33,1,AA,2,>.3-<=.7,51
6.36,0,AA,2,<.7-1.0,51
2.32,0,AA,1,>.3-<=.7,51
2.25,1,AA,2,<=.3,51
3.53,1,AA,1,<.7-1.0,51
2.28,1,AA,1,>.3-<=.7,51
2.94,1,AA,2,>.3-<=.7,51
10.95,1,AB,2,<.7-1.0,53
4.2,1,AB,2,<=.3,53
7.09,1,AB,1,>.3-<=.7,53
9.76,1,AB,2,<.7-1.0,53
4.49,1,AB,1,<=.3,53
15.77,1,AB,2,<.7-1.0,53
3.99,1,AB,2,<=.3,53
9.63,1,AB,2,<.7-1.0,53
10.75,1,AB,1,<.7-1.0,53
17.07,1,AB,1,<.7-1.0,53
2.98,1,AB,1,<=.3,53
9.74,1,AB,2,<.7-1.0,53
6.64,1,AB,1,>.3-<=.7,53
4.28,1,AB,1,<=.3,53
5,1,AB,2,>.3-<=.7,53
8.04,0,AB,1,>.3-<=.7,53
6.57,1,AB,1,>.3-<=.7,53
6.17,1,AB,2,>.3-<=.7,53
6.47,1,AB,2,>.3-<=.7,53
6.14,1,AB,2,>.3-<=.7,53
4.11,1,AB,1,<=.3,53
3.11,1,AB,1,<=.3,53
8.21,1,AB,2,<.7-1.0,53
9.84,1,AB,1,<.7-1.0,53
6.58,1,AB,1,>.3-<=.7,53
4.49,0,AB,1,<=.3,53
2.81,1,AB,2,<=.3,53
12.2,0,AB,1,<.7-1.0,53
7.07,1,AB,2,>.3-<=.7,53
3.44,1,AB,1,<=.3,53
3.46,1,AB,2,<=.3,53
4.75,1,AB,2,>.3-<=.7,53
7.14,1,AA,1,<.7-1.0,53
9.29,1,AA,2,<.7-1.0,53
5.83,1,AA,2,>.3-<=.7,53
3.88,1,AA,2,>.3-<=.7,53
18.61,1,AA,1,<.7-1.0,53
3.43,1,AA,2,<=.3,53
4.4,1,AA,1,>.3-<=.7,53
6.1,1,AA,2,>.3-<=.7,53
12.47,1,AA,2,<.7-1.0,53
3.73,1,AA,2,<=.3,53
19.59,0,AA,2,<.7-1.0,53
2.9,0,AA,1,<=.3,53
11.74,1,AA,1,<.7-1.0,53
2.69,1,AA,1,<=.3,53
4.83,1,AA,2,>.3-<=.7,53
5.77,1,AA,2,>.3-<=.7,53
8.29,1,AA,2,<.7-1.0,53
3.78,1,AA,1,<=.3,53
3.95,1,AA,2,>.3-<=.7,53
4.28,1,AA,1,>.3-<=.7,53
3.59,1,AA,1,<=.3,53
9.56,1,AA,1,<.7-1.0,53
3.87,1,AA,2,>.3-<=.7,53
4.93,1,AA,2,>.3-<=.7,53
2.85,1,AA,1,<=.3,53
3.52,1,AA,1,<=.3,53
3.53,1,AA,1,<=.3,53
6.48,0,AA,1,<.7-1.0,53
4.85,1,AA,2,>.3-<=.7,53
3.69,1,AA,2,<=.3,53
7.15,1,AA,1,<.7-1.0,53
5.67,1,AA,1,>.3-<=.7,53
10.49,1,AB,1,>.3-<=.7,55
6.66,1,AB,1,<=.3,55
12.7,1,AB,2,<.7-1.0,55
7.83,1,AB,1,>.3-<=.7,55
9.48,1,AB,1,>.3-<=.7,55
24.52,1,AB,2,<.7-1.0,55
14.51,1,AB,2,<.7-1.0,55
12.82,1,AB,2,<.7-1.0,55
8.96,1,AB,1,>.3-<=.7,55
4.21,1,AB,1,<=.3,55
5.83,1,AB,1,<=.3,55
5.5,1,AB,2,<=.3,55
11.35,0,AB,1,>.3-<=.7,55
10.81,1,AB,2,>.3-<=.7,55
10.23,1,AB,2,>.3-<=.7,55
11.51,1,AB,2,>.3-<=.7,55
9.27,1,AB,2,>.3-<=.7,55
43.14,0,AB,1,<.7-1.0,55
14.03,1,AB,2,<.7-1.0,55
7.53,1,AB,2,<=.3,55
9.07,1,AB,1,>.3-<=.7,55
16.16,1,AB,1,<.7-1.0,55
7.01,1,AB,1,<=.3,55
6.41,1,AB,2,<=.3,55
11.2,1,AB,1,>.3-<=.7,55
7.77,1,AB,1,<=.3,55
13.76,1,AB,2,<.7-1.0,55
6.94,1,AB,2,<=.3,55
17.7,1,AB,1,<.7-1.0,55
17.95,1,AB,1,<.7-1.0,55
8.07,1,AB,2,>.3-<=.7,55
5.85,1,AB,2,<=.3,55
6.33,1,AA,1,>.3-<=.7,55
12.4,1,AA,1,<.7-1.0,55
9.51,1,AA,1,<.7-1.0,55
3.35,1,AA,2,<=.3,55
3.98,1,AA,2,<=.3,55
6.27,1,AA,2,>.3-<=.7,55
4.11,1,AA,1,<=.3,55
5.88,1,AA,2,>.3-<=.7,55
8.76,1,AA,1,<.7-1.0,55
6.5,1,AA,1,>.3-<=.7,55
6.74,1,AA,2,>.3-<=.7,55
27.89,1,AA,2,<.7-1.0,55
22.91,0,AA,1,<.7-1.0,55
6.79,0,AA,2,>.3-<=.7,55
5.96,1,AA,2,>.3-<=.7,55
4.15,1,AA,2,<=.3,55
5.76,1,AA,1,>.3-<=.7,55
4.23,1,AA,1,<=.3,55
5.12,1,AA,2,>.3-<=.7,55
3.74,1,AA,2,<=.3,55
3.57,1,AA,2,<=.3,55
6.87,0,AA,2,<.7-1.0,55
4.02,1,AA,1,<=.3,55
7.38,1,AA,1,<.7-1.0,55
3.8,1,AA,1,<=.3,55
8.81,1,AA,1,<.7-1.0,55
5.83,1,AA,1,>.3-<=.7,55
7.49,1,AA,2,<.7-1.0,55
4.82,1,AA,1,>.3-<=.7,55
4.81,1,AA,2,>.3-<=.7,55
3.41,1,AA,1,<=.3,55
14.43,1,AA,2,<.7-1.0,55
4.01,0,AB,2,<.7-1.0,56
2.47,0,AB,2,<.7-1.0,56
2.7,1,AB,2,<.7-1.0,56
4.58,1,AB,1,<.7-1.0,56
2.55,1,AB,2,<.7-1.0,56
2.34,1,AB,1,>.3-<=.7,56
4.12,1,AB,1,<.7-1.0,56
4.06,1,AB,1,<.7-1.0,56
3.36,1,AB,2,<.7-1.0,56
2.11,1,AB,1,>.3-<=.7,56
1.08,1,AB,1,<=.3,56
2.27,1,AB,1,>.3-<=.7,56
1.42,0,AB,2,<=.3,56
1.45,0,AB,2,>.3-<=.7,56
1.43,1,AB,2,<=.3,56
1.22,1,AB,1,<=.3,56
2.17,0,AB,2,>.3-<=.7,56
2.01,0,AB,2,>.3-<=.7,56
1.64,1,AB,2,>.3-<=.7,56
0.39,1,AB,1,<=.3,56
1.68,1,AB,1,>.3-<=.7,56
0.72,0,AB,2,<=.3,56
0.83,0,AB,1,<=.3,56
0.5,0,AB,2,<=.3,56
1.4,1,AB,1,<=.3,56
1.8,1,AB,2,>.3-<=.7,56
0.37,1,AB,2,<=.3,56
2.4,1,AB,1,>.3-<=.7,56
1.55,1,AB,1,>.3-<=.7,56
5.19,1,AB,2,<.7-1.0,56
2.41,1,AB,1,<.7-1.0,56
1.86,1,AB,1,>.3-<=.7,56
5.87,0,AA,2,<.7-1.0,56
2.79,1,AA,2,<.7-1.0,56
5.42,1,AA,2,<.7-1.0,56
6.41,1,AA,2,<.7-1.0,56
3.32,1,AA,2,<.7-1.0,56
2.66,1,AA,2,<.7-1.0,56
1.33,1,AA,1,>.3-<=.7,56
2.44,1,AA,1,>.3-<=.7,56
4.53,1,AA,1,<.7-1.0,56
3.86,1,AA,1,<.7-1.0,56
2.29,1,AA,1,>.3-<=.7,56
1.43,0,AA,2,>.3-<=.7,56
2.5,1,AA,1,<.7-1.0,56
2.29,0,AA,1,>.3-<=.7,56
0.82,0,AA,1,<=.3,56
0.81,0,AA,1,<=.3,56
0.78,0,AA,2,<=.3,56
1.04,1,AA,2,>.3-<=.7,56
0.85,1,AA,2,>.3-<=.7,56
0.55,1,AA,1,<=.3,56
0.63,1,AA,1,<=.3,56
0.79,1,AA,2,<=.3,56
0.93,1,AA,2,>.3-<=.7,56
0.52,0,AA,2,<=.3,56
0.39,0,AA,2,<=.3,56
0.33,1,AA,1,<=.3,56
0.92,1,AA,1,>.3-<=.7,56
4.19,0,AA,1,<.7-1.0,56
1.3,0,AA,1,>.3-<=.7,56
0.85,1,AA,2,>.3-<=.7,56
0.59,0,AA,2,<=.3,56
1.33,1,AA,1,>.3-<=.7,56
2.84,1,AB,2,<.7-1.0,57
1.1,1,AB,1,<=.3,57
0.97,0,AB,2,<=.3,57
7.77,0,AB,2,<.7-1.0,57
2.82,0,AB,2,<.7-1.0,57
1.36,0,AB,1,>.3-<=.7,57
1.79,1,AB,2,>.3-<=.7,57
3.71,0,AB,2,<.7-1.0,57
1.21,0,AB,1,<=.3,57
5.1,1,AB,1,<.7-1.0,57
1.53,1,AB,1,>.3-<=.7,57
1.08,1,AB,2,<=.3,57
1.04,1,AB,1,<=.3,57
10.42,1,AB,1,<.7-1.0,57
1.99,1,AB,1,>.3-<=.7,57
2.04,1,AB,1,>.3-<=.7,57
4.84,1,AB,2,<.7-1.0,57
1.51,1,AB,2,>.3-<=.7,57
1.48,0,AB,2,>.3-<=.7,57
2.76,0,AB,2,<.7-1.0,57
1.7,0,AB,2,>.3-<=.7,57
2.01,1,AB,2,>.3-<=.7,57
1.64,1,AB,1,>.3-<=.7,57
1.13,0,AB,2,<=.3,57
1.02,1,AB,1,<=.3,57
2.17,0,AB,1,>.3-<=.7,57
1.49,1,AB,1,>.3-<=.7,57
2.45,0,AB,1,<.7-1.0,57
1.35,0,AB,1,<=.3,57
5.09,1,AB,1,<.7-1.0,57
1.31,1,AB,2,<=.3,57
1.31,1,AB,2,<=.3,57
4.34,1,AA,2,<.7-1.0,57
6.55,0,AA,1,<.7-1.0,57
2.84,1,AA,2,>.3-<=.7,57
2.83,1,AA,2,>.3-<=.7,57
12.2,1,AA,2,<.7-1.0,57
2.62,1,AA,2,<=.3,57
4.14,0,AA,1,<.7-1.0,57
2.86,1,AA,1,>.3-<=.7,57
3.98,1,AA,2,<.7-1.0,57
5.02,1,AA,1,<.7-1.0,57
3.64,1,AA,1,>.3-<=.7,57
1.37,1,AA,2,<=.3,57
1.66,1,AA,1,<=.3,57
5.41,1,AA,2,<.7-1.0,57
3.71,1,AA,1,>.3-<=.7,57
2.47,1,AA,1,<=.3,57
2.12,0,AA,2,<=.3,57
3.44,1,AA,1,>.3-<=.7,57
3.56,0,AA,1,>.3-<=.7,57
5.32,0,AA,2,<.7-1.0,57
1.4,1,AA,2,<=.3,57
1.69,0,AA,2,<=.3,57
2.49,1,AA,1,<=.3,57
2.7,1,AA,2,>.3-<=.7,57
3.28,0,AA,1,>.3-<=.7,57
2.83,1,AA,2,>.3-<=.7,57
3.83,1,AA,1,<.7-1.0,57
1.98,0,AA,2,<=.3,57
4.63,1,AA,1,<.7-1.0,57
1.68,1,AA,1,<=.3,57
2.63,1,AA,2,>.3-<=.7,57
3.18,1,AA,1,>.3-<=.7,57
6.36,1,AB,2,<.7-1.0,58
9.63,0,AB,1,<.7-1.0,58
1.79,1,AB,1,<=.3,58
10.14,0,AB,1,<.7-1.0,58
3.24,1,AB,1,>.3-<=.7,58
4.58,1,AB,2,>.3-<=.7,58
3.13,1,AB,1,>.3-<=.7,58
5.91,1,AB,1,>.3-<=.7,58
3.92,1,AB,1,>.3-<=.7,58
2.58,1,AB,2,<=.3,58
2.77,1,AB,1,<=.3,58
5.77,0,AB,1,>.3-<=.7,58
4.43,0,AB,2,>.3-<=.7,58
3.4,0,AB,1,>.3-<=.7,58
3.44,1,AB,2,>.3-<=.7,58
2.76,1,AB,2,<=.3,58
10.1,0,AB,1,<.7-1.0,58
4.62,1,AB,2,>.3-<=.7,58
5.91,0,AB,2,>.3-<=.7,58
6.26,1,AB,2,<.7-1.0,58
7.85,0,AB,2,<.7-1.0,58
2.8,1,AB,1,<=.3,58
3.01,1,AB,1,<=.3,58
6,1,AB,1,<.7-1.0,58
5.78,1,AB,2,>.3-<=.7,58
13.43,0,AB,1,<.7-1.0,58
41.78,0,AB,2,<.7-1.0,58
1.5,1,AB,1,<=.3,58
2.96,1,AB,2,<=.3,58
4.37,0,AB,2,>.3-<=.7,58
2.94,1,AB,2,<=.3,58
3.01,0,AB,2,<=.3,58
4.81,1,AA,2,<.7-1.0,58
3.34,1,AA,2,>.3-<=.7,58
5.96,1,AA,1,<.7-1.0,58
2.42,1,AA,2,<=.3,58
1.95,1,AA,1,<=.3,58
4.28,1,AA,2,>.3-<=.7,58
2.6,1,AA,1,<=.3,58
8.69,1,AA,1,<.7-1.0,58
3.13,0,AA,2,>.3-<=.7,58
4.54,1,AA,2,<.7-1.0,58
9.47,1,AA,1,<.7-1.0,58
6.17,1,AA,1,<.7-1.0,58
2.17,0,AA,1,<=.3,58
4.15,0,AA,1,>.3-<=.7,58
2.69,1,AA,2,>.3-<=.7,58
1.78,0,AA,1,<=.3,58
2.42,1,AA,1,<=.3,58
10.78,1,AA,2,<.7-1.0,58
7.07,1,AA,2,<.7-1.0,58
6.47,1,AA,1,<.7-1.0,58
4.57,1,AA,2,<.7-1.0,58
4.34,1,AA,2,>.3-<=.7,58
4.03,1,AA,2,>.3-<=.7,58
2.33,0,AA,1,<=.3,58
2.64,0,AA,2,>.3-<=.7,58
1.48,1,AA,1,<=.3,58
4.22,1,AA,2,>.3-<=.7,58
3.61,1,AA,2,>.3-<=.7,58
1.92,1,AA,1,<=.3,58
3.34,1,AA,1,>.3-<=.7,58
3.84,1,AA,1,>.3-<=.7,58
1.96,0,AA,2,<=.3,58
8.37,0,AB,1,<.7-1.0,59
2.35,1,AB,2,<=.3,59
3.87,1,AB,2,>.3-<=.7,59
6.98,1,AB,1,<.7-1.0,59
6.73,0,AB,1,<.7-1.0,59
3.31,1,AB,1,>.3-<=.7,59
3.86,1,AB,2,>.3-<=.7,59
6.79,1,AB,2,<.7-1.0,59
5.4,1,AB,1,>.3-<=.7,59
2.99,1,AB,1,<=.3,59
2.28,0,AB,2,<=.3,59
3.96,1,AB,2,>.3-<=.7,59
10.89,0,AB,1,<.7-1.0,59
4,1,AB,1,>.3-<=.7,59
5.19,1,AB,2,>.3-<=.7,59
2.46,1,AB,1,<=.3,59
7.52,1,AB,1,<.7-1.0,59
3.45,1,AB,2,>.3-<=.7,59
6.08,1,AB,1,<.7-1.0,59
2.08,1,AB,2,<=.3,59
10.4,0,AB,1,<.7-1.0,59
10.27,1,AB,1,<.7-1.0,59
11.51,1,AB,2,<.7-1.0,59
2.52,1,AB,1,<=.3,59
4.58,1,AB,2,>.3-<=.7,59
3.01,1,AB,1,<=.3,59
2.19,1,AB,2,<=.3,59
2.77,1,AB,2,<=.3,59
4.44,1,AB,2,>.3-<=.7,59
3.65,1,AB,2,>.3-<=.7,59
4.7,1,AB,2,>.3-<=.7,59
2.23,1,AB,1,<=.3,59
2.65,1,AA,2,<=.3,59
6.32,1,AA,2,<.7-1.0,59
2.87,1,AA,2,>.3-<=.7,59
6.15,1,AA,2,<.7-1.0,59
3.27,1,AA,2,>.3-<=.7,59
3.43,1,AA,1,>.3-<=.7,59
2.69,1,AA,1,<=.3,59
4.31,1,AA,2,>.3-<=.7,59
4.33,1,AA,1,<.7-1.0,59
4.07,1,AA,1,>.3-<=.7,59
4.25,1,AA,2,>.3-<=.7,59
2.18,0,AA,2,<=.3,59
2.07,1,AA,1,<=.3,59
5.21,0,AA,2,<.7-1.0,59
3.08,1,AA,2,>.3-<=.7,59
1.92,1,AA,2,<=.3,59
5.88,1,AA,1,<.7-1.0,59
7.28,1,AA,1,<.7-1.0,59
3.79,1,AA,1,>.3-<=.7,59
2.05,1,AA,1,<=.3,59
2.98,1,AA,1,>.3-<=.7,59
6.83,1,AA,1,<.7-1.0,59
1.47,1,AA,1,<=.3,59
2.03,1,AA,2,<=.3,59
2.8,1,AA,1,<=.3,59
2.92,1,AA,2,>.3-<=.7,59
2.83,1,AA,2,>.3-<=.7,59
8.19,1,AA,2,<.7-1.0,59
5.29,1,AA,1,<.7-1.0,59
2.29,1,AA,1,<=.3,59
8.39,1,AA,1,<.7-1.0,59
3.36,1,AA,2,>.3-<=.7,59
8.62,1,AB,2,>.3-<=.7,6
10.69,1,AB,2,<.7-1.0,6
11.96,1,AB,1,<.7-1.0,6
10.36,0,AB,2,<.7-1.0,6
9.71,1,AB,2,<.7-1.0,6
10.62,1,AB,2,<.7-1.0,6
9.16,1,AB,1,<.7-1.0,6
11.69,0,AB,2,<.7-1.0,6
3.42,1,AB,2,<=.3,6
3.19,1,AB,2,<=.3,6
4.32,1,AB,2,>.3-<=.7,6
6.22,1,AB,1,>.3-<=.7,6
2.85,1,AB,1,<=.3,6
3.23,0,AB,2,<=.3,6
11.67,1,AB,1,<.7-1.0,6
1.86,1,AB,1,<=.3,6
24,0,AB,2,<.7-1.0,6
11.87,1,AB,1,<.7-1.0,6
3.94,0,AB,2,>.3-<=.7,6
5.31,1,AB,2,>.3-<=.7,6
5.15,1,AB,1,>.3-<=.7,6
4.4,0,AB,1,>.3-<=.7,6
6.25,1,AB,1,>.3-<=.7,6
5.86,1,AB,1,>.3-<=.7,6
3.38,1,AB,1,<=.3,6
7.16,1,AB,1,>.3-<=.7,6
4.11,1,AB,2,>.3-<=.7,6
1.37,0,AB,1,<=.3,6
2.4,1,AB,1,<=.3,6
3.55,1,AB,2,<=.3,6
3.7,1,AB,2,<=.3,6
5.79,1,AB,1,>.3-<=.7,6
9.29,1,AA,1,<.7-1.0,6
4.7,1,AA,1,>.3-<=.7,6
7.85,0,AA,1,<.7-1.0,6
5.14,1,AA,1,>.3-<=.7,6
5.9,1,AA,2,>.3-<=.7,6
2.4,1,AA,1,<=.3,6
16.85,1,AA,2,<.7-1.0,6
5.92,0,AA,2,<.7-1.0,6
4.74,1,AA,2,>.3-<=.7,6
9.75,1,AA,2,<.7-1.0,6
4.3,1,AA,2,>.3-<=.7,6
6.32,1,AA,1,<.7-1.0,6
7.82,1,AA,1,<.7-1.0,6
5.46,1,AA,1,>.3-<=.7,6
2.99,1,AA,1,<=.3,6
7.83,1,AA,2,<.7-1.0,6
6.43,1,AA,2,<.7-1.0,6
3.92,1,AA,1,<=.3,6
8.43,0,AA,2,<.7-1.0,6
5.25,1,AA,2,>.3-<=.7,6
4.93,1,AA,1,>.3-<=.7,6
2.8,1,AA,1,<=.3,6
2.75,1,AA,1,<=.3,6
5.35,0,AA,2,>.3-<=.7,6
3.64,1,AA,2,<=.3,6
5.04,1,AA,1,>.3-<=.7,6
2.77,1,AA,2,<=.3,6
2.87,1,AA,2,<=.3,6
3.09,0,AA,1,<=.3,6
3.7,1,AA,1,<=.3,6
4.65,1,AA,2,>.3-<=.7,6
4.36,1,AA,2,>.3-<=.7,6
6.48,1,AB,1,>.3-<=.7,60
5.54,1,AB,2,>.3-<=.7,60
47.29,0,AB,1,<.7-1.0,60
7.34,1,AB,1,<.7-1.0,60
3.24,1,AB,1,<=.3,60
6.07,1,AB,1,>.3-<=.7,60
5.19,0,AB,2,>.3-<=.7,60
23.55,0,AB,2,<.7-1.0,60
3.85,1,AB,2,<=.3,60
3.89,1,AB,2,<=.3,60
4.8,0,AB,2,<=.3,60
2.55,0,AB,2,<=.3,60
5.43,1,AB,2,>.3-<=.7,60
5.24,1,AB,1,>.3-<=.7,60
9.79,1,AB,2,<.7-1.0,60
24.09,0,AB,2,<.7-1.0,60
4.5,1,AB,1,<=.3,60
4.14,0,AB,1,<=.3,60
4.48,1,AB,1,<=.3,60
34.81,0,AB,1,<.7-1.0,60
7.35,0,AB,1,<.7-1.0,60
5.95,1,AB,2,>.3-<=.7,60
4.94,1,AB,2,>.3-<=.7,60
2.36,1,AB,2,<=.3,60
6.99,1,AB,2,>.3-<=.7,60
6.24,0,AB,1,>.3-<=.7,60
5.01,1,AB,2,>.3-<=.7,60
9.58,0,AB,1,<.7-1.0,60
14.95,1,AB,2,<.7-1.0,60
3.28,1,AB,1,<=.3,60
16.56,1,AB,1,<.7-1.0,60
5.91,0,AB,1,>.3-<=.7,60
4.3,1,AA,2,<=.3,60
23.54,0,AA,2,<.7-1.0,60
3.15,1,AA,1,<=.3,60
3.32,1,AA,2,<=.3,60
40.73,1,AA,1,<.7-1.0,60
14.03,1,AA,1,<.7-1.0,60
2.79,1,AA,1,<=.3,60
6.94,1,AA,1,>.3-<=.7,60
2.59,1,AA,2,<=.3,60
5.03,1,AA,1,>.3-<=.7,60
3.93,1,AA,1,<=.3,60
13.68,0,AA,2,<.7-1.0,60
17.11,1,AA,1,<.7-1.0,60
2.7,1,AA,1,<=.3,60
12.23,1,AA,2,>.3-<=.7,60
3.74,0,AA,1,<=.3,60
9.59,1,AA,1,>.3-<=.7,60
6.02,0,AA,2,>.3-<=.7,60
17.03,1,AA,2,<.7-1.0,60
2.61,1,AA,2,<=.3,60
9.21,0,AA,1,>.3-<=.7,60
13.68,1,AA,2,<.7-1.0,60
12.43,0,AA,2,<.7-1.0,60
5.01,1,AA,2,>.3-<=.7,60
6.52,1,AA,1,>.3-<=.7,60
18.78,1,AA,1,<.7-1.0,60
5.09,1,AA,2,>.3-<=.7,60
2.2,1,AA,2,<=.3,60
9.91,1,AA,2,>.3-<=.7,60
5.3,0,AA,2,>.3-<=.7,60
7.17,1,AA,1,>.3-<=.7,60
12.5,1,AA,1,<.7-1.0,60
8.43,1,AB,2,<.7-1.0,7
9.04,1,AB,1,<.7-1.0,7
2.44,1,AB,1,<=.3,7
5.39,1,AB,2,>.3-<=.7,7
6.27,1,AB,1,>.3-<=.7,7
2.62,1,AB,1,<=.3,7
4.61,1,AB,2,>.3-<=.7,7
3.32,1,AB,2,<=.3,7
4.51,0,AB,2,>.3-<=.7,7
9.23,0,AB,1,<.7-1.0,7
3.04,1,AB,2,<=.3,7
6.72,1,AB,2,<.7-1.0,7
7.46,1,AB,1,<.7-1.0,7
6.35,1,AB,1,>.3-<=.7,7
1.92,1,AB,1,<=.3,7
3.59,1,AB,2,>.3-<=.7,7
3.22,1,AB,1,<=.3,7
6.49,0,AB,1,<.7-1.0,7
3.61,1,AB,1,>.3-<=.7,7
1.88,1,AB,2,<=.3,7
4.37,1,AB,2,>.3-<=.7,7
4.05,1,AB,1,>.3-<=.7,7
2.31,0,AB,2,<=.3,7
5.2,0,AB,2,>.3-<=.7,7
7.99,1,AB,2,<.7-1.0,7
2.57,1,AB,1,<=.3,7
7.22,1,AB,1,<.7-1.0,7
3.48,1,AB,2,>.3-<=.7,7
10.84,1,AB,2,<.7-1.0,7
7.24,1,AB,1,<.7-1.0,7
1.73,1,AB,2,<=.3,7
3.64,1,AB,1,>.3-<=.7,7
2.81,1,AA,2,<=.3,7
6.81,1,AA,2,>.3-<=.7,7
2.97,1,AA,1,<=.3,7
17.71,0,AA,1,<.7-1.0,7
7.28,1,AA,2,<.7-1.0,7
3.22,1,AA,2,<=.3,7
5.87,1,AA,1,>.3-<=.7,7
12.54,1,AA,1,<.7-1.0,7
2.99,1,AA,1,<=.3,7
6.53,0,AA,2,>.3-<=.7,7
3.98,1,AA,2,>.3-<=.7,7
3.64,1,AA,1,>.3-<=.7,7
2.73,1,AA,1,<=.3,7
5.94,1,AA,2,>.3-<=.7,7
6.87,0,AA,2,<.7-1.0,7
8.19,1,AA,2,<.7-1.0,7
9.81,1,AA,2,<.7-1.0,7
6.91,1,AA,2,<.7-1.0,7
4.73,1,AA,1,>.3-<=.7,7
5.05,0,AA,1,>.3-<=.7,7
8.05,1,AA,1,<.7-1.0,7
3.1,1,AA,2,<=.3,7
3.54,1,AA,1,<=.3,7
6.57,1,AA,2,>.3-<=.7,7
3.78,1,AA,1,>.3-<=.7,7
2.35,1,AA,1,<=.3,7
10,1,AA,1,<.7-1.0,7
1.83,1,AA,2,<=.3,7
5.5,0,AA,2,>.3-<=.7,7
9.53,0,AA,1,<.7-1.0,7
2.92,1,AA,1,<=.3,7
4.02,0,AA,2,>.3-<=.7,7
4.79,1,AB,1,>.3-<=.7,9
4.6,1,AB,1,>.3-<=.7,9
8.79,1,AB,2,<.7-1.0,9
15.41,0,AB,1,<.7-1.0,9
2.12,1,AB,2,<=.3,9
3.02,0,AB,1,<=.3,9
1.94,0,AB,2,<=.3,9
1.82,0,AB,1,<=.3,9
27.68,1,AB,1,<.7-1.0,9
3.9,1,AB,1,<=.3,9
1.9,0,AB,1,<=.3,9
4.64,1,AB,2,>.3-<=.7,9
10.52,1,AB,2,<.7-1.0,9
10.2,0,AB,1,<.7-1.0,9
4.56,0,AB,2,>.3-<=.7,9
5.54,1,AB,2,>.3-<=.7,9
8.69,1,AB,1,>.3-<=.7,9
6.1,1,AB,2,>.3-<=.7,9
8.09,1,AB,1,>.3-<=.7,9
4.13,1,AB,1,<=.3,9
7.57,1,AB,2,>.3-<=.7,9
17.3,1,AB,2,<.7-1.0,9
8.72,0,AB,1,<.7-1.0,9
19.04,1,AB,2,<.7-1.0,9
5.26,1,AB,1,>.3-<=.7,9
8.4,1,AB,2,>.3-<=.7,9
9.55,1,AB,2,<.7-1.0,9
1.94,0,AB,2,<=.3,9
19.62,0,AB,1,<.7-1.0,9
4.78,1,AB,1,>.3-<=.7,9
4.09,1,AB,2,<=.3,9
2.89,0,AB,2,<=.3,9
2.04,1,AA,1,<=.3,9
2.85,1,AA,1,<=.3,9
4.91,1,AA,2,<=.3,9
7.09,1,AA,1,>.3-<=.7,9
3.73,1,AA,2,<=.3,9
1.58,1,AA,1,<=.3,9
2.61,1,AA,1,<=.3,9
28.7,1,AA,1,<.7-1.0,9
22.18,1,AA,2,<.7-1.0,9
5.49,1,AA,2,>.3-<=.7,9
3.07,1,AA,1,<=.3,9
34.98,1,AA,2,<.7-1.0,9
14.14,1,AA,2,<.7-1.0,9
2.08,1,AA,1,<=.3,9
12.76,1,AA,1,>.3-<=.7,9
6.12,1,AA,2,>.3-<=.7,9
5.51,1,AA,1,>.3-<=.7,9
5.19,1,AA,1,>.3-<=.7,9
7.1,0,AA,2,>.3-<=.7,9
15.02,1,AA,2,<.7-1.0,9
7.78,1,AA,2,>.3-<=.7,9
2.18,1,AA,2,<=.3,9
25.02,0,AA,1,<.7-1.0,9
16.46,0,AA,1,<.7-1.0,9
21.82,0,AA,2,<.7-1.0,9
2.19,1,AA,1,<=.3,9
19.05,1,AA,1,<.7-1.0,9
17.6,1,AA,2,<.7-1.0,9
8.73,0,AA,2,>.3-<=.7,9
8.8,0,AA,2,>.3-<=.7,9
5.46,1,AA,1,>.3-<=.7,9
7.21,0,AA,2,>.3-<=.7,9