SubjNum,Age,Ethnicity,Sex,TargName,DistName,TargHalf,DistHalf,c.resp,Cond,Resp,acc,RT,Conf
1,21,HISPANIC,FEMALE,15.jpg,36.jpg,2,2,2,AB,2,1,2.55,3
1,21,HISPANIC,FEMALE,31.jpg,31.jpg,2,1,1,AA,1,1,4.19,3
1,21,HISPANIC,FEMALE,5.jpg,1.jpg,2,2,2,AB,1,0,2.91,1
1,21,HISPANIC,FEMALE,20.jpg,20.jpg,2,1,2,AA,2,1,3.41,2
1,21,HISPANIC,FEMALE,12.jpg,32.jpg,1,2,2,AB,2,1,3.02,2
1,21,HISPANIC,FEMALE,25.jpg,25.jpg,2,1,2,AA,1,0,3.54,1
1,21,HISPANIC,FEMALE,21.jpg,21.jpg,1,2,1,AA,2,0,3.43,1
1,21,HISPANIC,FEMALE,4.jpg,4.jpg,1,2,1,AA,1,1,2.92,3
1,21,HISPANIC,FEMALE,6.jpg,6.jpg,1,2,2,AA,2,1,2.08,3
1,21,HISPANIC,FEMALE,42.jpg,42.jpg,2,1,1,AA,1,1,2.53,3
1,21,HISPANIC,FEMALE,37.jpg,18.jpg,1,1,2,AB,2,1,2.72,2
1,21,HISPANIC,FEMALE,27.jpg,9.jpg,1,2,2,AB,2,1,1.75,2
1,21,HISPANIC,FEMALE,3.jpg,22.jpg,1,1,2,AB,2,1,2.62,2
1,21,HISPANIC,FEMALE,39.jpg,47.jpg,2,2,1,AB,1,1,2.68,2
1,21,HISPANIC,FEMALE,29.jpg,29.jpg,1,2,1,AA,1,1,2.16,3
1,21,HISPANIC,FEMALE,45.jpg,45.jpg,2,1,1,AA,1,1,2.16,2
1,21,HISPANIC,FEMALE,11.jpg,14.jpg,2,1,1,AB,1,1,2.58,2
1,21,HISPANIC,FEMALE,2.jpg,16.jpg,1,2,1,AB,1,1,2.81,3
1,21,HISPANIC,FEMALE,8.jpg,8.jpg,1,2,2,AA,2,1,2.99,3
1,21,HISPANIC,FEMALE,13.jpg,13.jpg,1,2,2,AA,2,1,2.4,3
1,21,HISPANIC,FEMALE,17.jpg,17.jpg,2,1,2,AA,2,1,1.81,3
1,21,HISPANIC,FEMALE,10.jpg,38.jpg,1,1,1,AB,1,1,2.03,3
1,21,HISPANIC,FEMALE,28.jpg,28.jpg,2,1,2,AA,2,1,2.7,3
1,21,HISPANIC,FEMALE,19.jpg,23.jpg,1,2,1,AB,1,1,1.84,3
1,21,HISPANIC,FEMALE,40.jpg,44.jpg,2,1,2,AB,2,1,1.81,3
1,21,HISPANIC,FEMALE,33.jpg,43.jpg,2,1,2,AB,1,0,4.46,2
1,21,HISPANIC,FEMALE,48.jpg,26.jpg,2,1,1,AB,2,0,2.77,2
1,21,HISPANIC,FEMALE,7.jpg,7.jpg,1,2,2,AA,2,1,4.96,1
1,21,HISPANIC,FEMALE,46.jpg,34.jpg,2,2,1,AB,1,1,2.67,2
1,21,HISPANIC,FEMALE,24.jpg,24.jpg,2,1,1,AA,1,1,2.39,3
1,21,HISPANIC,FEMALE,41.jpg,41.jpg,1,2,1,AA,1,1,2.51,3
10,18,Asian and Caucasian,Male,12.jpg,12.jpg,1,2,1,AA,1,1,2.77,3
10,18,Asian and Caucasian,Male,37.jpg,15.jpg,1,2,1,AB,1,1,2.88,2
10,18,Asian and Caucasian,Male,19.jpg,30.jpg,2,1,1,AB,1,1,4.17,3
10,18,Asian and Caucasian,Male,9.jpg,35.jpg,2,1,2,AB,2,1,2.35,3
10,18,Asian and Caucasian,Male,25.jpg,25.jpg,1,2,2,AA,1,0,3.3,3
10,18,Asian and Caucasian,Male,31.jpg,31.jpg,1,2,2,AA,2,1,2.9,2
10,18,Asian and Caucasian,Male,16.jpg,16.jpg,1,2,2,AA,2,1,1.61,3
10,18,Asian and Caucasian,Male,36.jpg,36.jpg,2,1,2,AA,1,0,2.52,2
10,18,Asian and Caucasian,Male,4.jpg,40.jpg,1,2,1,AB,1,1,4.68,2
10,18,Asian and Caucasian,Male,22.jpg,18.jpg,2,1,1,AB,1,1,5.22,1
10,18,Asian and Caucasian,Male,21.jpg,29.jpg,1,1,1,AB,1,1,3.08,2
10,18,Asian and Caucasian,Male,34.jpg,17.jpg,2,2,1,AB,1,1,1.93,2
10,18,Asian and Caucasian,Male,7.jpg,7.jpg,2,1,1,AA,1,1,4.2,1
10,18,Asian and Caucasian,Male,28.jpg,28.jpg,2,1,1,AA,1,1,2.85,2
10,18,Asian and Caucasian,Male,33.jpg,33.jpg,1,2,2,AA,1,0,2.82,3
10,18,Asian and Caucasian,Male,43.jpg,13.jpg,1,2,2,AB,1,0,4.3,1
10,18,Asian and Caucasian,Male,42.jpg,42.jpg,2,1,1,AA,1,1,3.81,1
10,18,Asian and Caucasian,Male,47.jpg,1.jpg,1,1,2,AB,1,0,2.8,2
10,18,Asian and Caucasian,Male,39.jpg,20.jpg,2,2,2,AB,1,0,5.92,1
10,18,Asian and Caucasian,Male,44.jpg,44.jpg,1,2,1,AA,2,0,3.98,1
10,18,Asian and Caucasian,Male,38.jpg,5.jpg,1,2,2,AB,2,1,1.35,3
10,18,Asian and Caucasian,Male,45.jpg,45.jpg,2,1,2,AA,2,1,3.26,3
10,18,Asian and Caucasian,Male,46.jpg,46.jpg,2,1,2,AA,2,1,3.3,3
10,18,Asian and Caucasian,Male,48.jpg,14.jpg,2,2,2,AB,2,1,2.66,2
10,18,Asian and Caucasian,Male,2.jpg,2.jpg,1,2,1,AA,2,0,3.77,2
10,18,Asian and Caucasian,Male,3.jpg,32.jpg,2,1,2,AB,1,0,1.5,2
10,18,Asian and Caucasian,Male,41.jpg,10.jpg,1,1,1,AB,1,1,2.14,3
10,18,Asian and Caucasian,Male,11.jpg,11.jpg,1,2,1,AA,1,1,3.54,3
10,18,Asian and Caucasian,Male,8.jpg,8.jpg,2,1,2,AA,2,1,2.71,2
10,18,Asian and Caucasian,Male,23.jpg,27.jpg,1,1,2,AB,2,1,1.72,1
10,18,Asian and Caucasian,Male,26.jpg,26.jpg,2,1,1,AA,1,1,3.6,1
11,22,BLACK,FEMALE,25.jpg,1.jpg,1,1,1,AB,2,0,1.45,1
11,22,BLACK,FEMALE,13.jpg,13.jpg,1,2,2,AA,2,1,3.57,3
11,22,BLACK,FEMALE,40.jpg,42.jpg,2,2,2,AB,2,1,2.83,2
11,22,BLACK,FEMALE,47.jpg,36.jpg,1,2,2,AB,2,1,2.78,2
11,22,BLACK,FEMALE,29.jpg,29.jpg,1,2,2,AA,1,0,5.14,1
11,22,BLACK,FEMALE,12.jpg,5.jpg,2,1,2,AB,2,1,2.07,3
11,22,BLACK,FEMALE,41.jpg,39.jpg,1,1,2,AB,2,1,2.14,3
11,22,BLACK,FEMALE,37.jpg,37.jpg,1,2,1,AA,2,0,3.72,1
11,22,BLACK,FEMALE,26.jpg,26.jpg,2,1,2,AA,2,1,5.4,1
11,22,BLACK,FEMALE,21.jpg,21.jpg,1,2,2,AA,1,0,5.17,1
11,22,BLACK,FEMALE,32.jpg,44.jpg,2,1,2,AB,1,0,3.19,1
11,22,BLACK,FEMALE,27.jpg,27.jpg,2,1,2,AA,2,1,1.26,3
11,22,BLACK,FEMALE,19.jpg,19.jpg,2,1,2,AA,2,1,1.67,3
11,22,BLACK,FEMALE,33.jpg,18.jpg,1,1,2,AB,2,1,1.15,3
11,22,BLACK,FEMALE,6.jpg,6.jpg,1,2,1,AA,1,1,5.16,2
11,22,BLACK,FEMALE,4.jpg,10.jpg,1,2,1,AB,1,1,4.85,1
11,22,BLACK,FEMALE,34.jpg,17.jpg,1,2,1,AB,2,0,2.81,2
11,22,BLACK,FEMALE,7.jpg,7.jpg,2,1,2,AA,2,1,3.92,1
11,22,BLACK,FEMALE,43.jpg,14.jpg,1,1,1,AB,2,0,2.63,1
11,22,BLACK,FEMALE,2.jpg,38.jpg,2,2,1,AB,1,1,2.13,2
11,22,BLACK,FEMALE,35.jpg,22.jpg,2,1,1,AB,1,1,5.55,3
11,22,BLACK,FEMALE,45.jpg,45.jpg,2,1,1,AA,1,1,3.33,2
11,22,BLACK,FEMALE,28.jpg,28.jpg,2,1,1,AA,2,0,5.53,2
11,22,BLACK,FEMALE,30.jpg,30.jpg,2,1,1,AA,1,1,2.98,3
11,22,BLACK,FEMALE,23.jpg,23.jpg,2,1,1,AA,2,0,4.23,2
11,22,BLACK,FEMALE,24.jpg,24.jpg,1,2,2,AA,2,1,4.37,2
11,22,BLACK,FEMALE,9.jpg,20.jpg,1,2,2,AB,2,1,2.02,3
11,22,BLACK,FEMALE,8.jpg,31.jpg,2,2,2,AB,2,1,4.14,2
11,22,BLACK,FEMALE,11.jpg,11.jpg,1,2,1,AA,2,0,3.19,2
11,22,BLACK,FEMALE,3.jpg,46.jpg,2,2,1,AB,2,0,4.09,3
11,22,BLACK,FEMALE,16.jpg,15.jpg,2,1,1,AB,1,1,2.63,3
11,22,BLACK,FEMALE,48.jpg,48.jpg,1,2,1,AA,1,1,4.6,3
12,18,Hispanic,Male,29.jpg,29.jpg,2,1,1,AA,1,1,4.2,3
12,18,Hispanic,Male,23.jpg,38.jpg,2,2,1,AB,1,1,3.11,3
12,18,Hispanic,Male,14.jpg,40.jpg,1,1,1,AB,1,1,4.82,1
12,18,Hispanic,Male,39.jpg,39.jpg,1,2,1,AA,1,1,4.3,3
12,18,Hispanic,Male,31.jpg,8.jpg,1,2,1,AB,1,1,2.58,3
12,18,Hispanic,Male,6.jpg,2.jpg,1,1,2,AB,1,0,3.27,3
12,18,Hispanic,Male,10.jpg,10.jpg,2,1,1,AA,1,1,1.86,3
12,18,Hispanic,Male,47.jpg,22.jpg,2,2,1,AB,2,0,4.51,2
12,18,Hispanic,Male,4.jpg,4.jpg,2,1,2,AA,2,1,2.27,3
12,18,Hispanic,Male,43.jpg,43.jpg,1,2,1,AA,1,1,5.18,2
12,18,Hispanic,Male,35.jpg,35.jpg,1,2,2,AA,2,1,5.32,2
12,18,Hispanic,Male,32.jpg,19.jpg,1,2,2,AB,2,1,4.1,2
12,18,Hispanic,Male,36.jpg,28.jpg,1,1,1,AB,2,0,5.17,2
12,18,Hispanic,Male,16.jpg,37.jpg,1,2,2,AB,2,1,2.67,3
12,18,Hispanic,Male,1.jpg,1.jpg,2,1,1,AA,1,1,3.86,2
12,18,Hispanic,Male,27.jpg,27.jpg,1,2,2,AA,2,1,5.69,2
12,18,Hispanic,Male,12.jpg,12.jpg,1,2,2,AA,2,1,4.93,3
12,18,Hispanic,Male,26.jpg,44.jpg,2,2,2,AB,2,1,3.88,3
12,18,Hispanic,Male,17.jpg,17.jpg,1,2,1,AA,1,1,5.9,2
12,18,Hispanic,Male,34.jpg,34.jpg,2,1,2,AA,1,0,4.23,2
12,18,Hispanic,Male,18.jpg,25.jpg,2,1,1,AB,2,0,3.43,2
12,18,Hispanic,Male,41.jpg,11.jpg,2,2,2,AB,2,1,2.53,3
12,18,Hispanic,Male,45.jpg,46.jpg,2,1,1,AB,1,1,2.21,3
12,18,Hispanic,Male,42.jpg,21.jpg,1,2,1,AB,1,1,5.4,1
12,18,Hispanic,Male,33.jpg,33.jpg,2,1,2,AA,2,1,4.3,2
12,18,Hispanic,Male,24.jpg,13.jpg,2,1,2,AB,2,1,2.93,3
12,18,Hispanic,Male,15.jpg,15.jpg,2,1,2,AA,2,1,2.65,2
13,22,ASIAN,MALE,48.jpg,37.jpg,1,1,1,AB,1,1,4.19,3
13,22,ASIAN,MALE,46.jpg,33.jpg,2,2,1,AB,2,0,3.59,2
13,22,ASIAN,MALE,13.jpg,16.jpg,1,1,2,AB,2,1,3.81,3
13,22,ASIAN,MALE,20.jpg,40.jpg,2,2,2,AB,2,1,3.12,3
13,22,ASIAN,MALE,17.jpg,17.jpg,2,1,1,AA,1,1,2.45,3
13,22,ASIAN,MALE,32.jpg,32.jpg,1,2,1,AA,1,1,4.21,3
13,22,ASIAN,MALE,26.jpg,26.jpg,2,1,1,AA,1,1,2.27,3
13,22,ASIAN,MALE,10.jpg,10.jpg,2,1,2,AA,2,1,1.79,3
13,22,ASIAN,MALE,8.jpg,8.jpg,1,2,2,AA,2,1,3,3
13,22,ASIAN,MALE,23.jpg,23.jpg,1,2,2,AA,2,1,1.56,3
13,22,ASIAN,MALE,18.jpg,12.jpg,1,2,2,AB,2,1,2.75,3
13,22,ASIAN,MALE,43.jpg,38.jpg,1,1,2,AB,1,0,4.56,2
13,22,ASIAN,MALE,25.jpg,30.jpg,2,1,2,AB,2,1,1.6,3
13,22,ASIAN,MALE,6.jpg,6.jpg,2,1,2,AA,2,1,3.03,2
13,22,ASIAN,MALE,9.jpg,9.jpg,2,1,2,AA,2,1,1.83,3
13,22,ASIAN,MALE,11.jpg,11.jpg,1,2,1,AA,1,1,2.69,3
13,22,ASIAN,MALE,36.jpg,36.jpg,1,2,1,AA,1,1,1.18,3
13,22,ASIAN,MALE,47.jpg,21.jpg,1,1,1,AB,1,1,2.95,3
13,22,ASIAN,MALE,1.jpg,22.jpg,2,1,1,AB,1,1,1.7,3
13,22,ASIAN,MALE,19.jpg,14.jpg,2,1,2,AB,2,1,2.4,3
13,22,ASIAN,MALE,44.jpg,44.jpg,1,2,1,AA,1,1,3.49,2
13,22,ASIAN,MALE,35.jpg,41.jpg,2,2,1,AB,1,1,1.09,3
13,22,ASIAN,MALE,34.jpg,31.jpg,2,1,1,AB,2,0,1.51,2
13,22,ASIAN,MALE,24.jpg,3.jpg,2,2,2,AB,2,1,3.87,2
13,22,ASIAN,MALE,7.jpg,28.jpg,1,2,2,AB,1,0,4.24,2
13,22,ASIAN,MALE,2.jpg,29.jpg,1,2,1,AB,2,0,4.44,2
13,22,ASIAN,MALE,45.jpg,45.jpg,2,1,1,AA,1,1,1.52,3
13,22,ASIAN,MALE,39.jpg,39.jpg,1,2,2,AA,2,1,2.81,3
13,22,ASIAN,MALE,27.jpg,27.jpg,2,1,1,AA,1,1,2.23,2
13,22,ASIAN,MALE,4.jpg,4.jpg,1,2,2,AA,2,1,1.49,3
14,18,CHINESE-FILIPINO,MALE,14.jpg,14.jpg,1,2,1,AA,1,1,4.7,2
14,18,CHINESE-FILIPINO,MALE,41.jpg,41.jpg,2,1,2,AA,2,1,4.89,2
14,18,CHINESE-FILIPINO,MALE,45.jpg,45.jpg,1,2,2,AA,1,0,3.18,2
14,18,CHINESE-FILIPINO,MALE,35.jpg,35.jpg,1,2,2,AA,2,1,3.35,2
14,18,CHINESE-FILIPINO,MALE,12.jpg,43.jpg,1,2,2,AB,1,0,2.22,2
14,18,CHINESE-FILIPINO,MALE,44.jpg,48.jpg,1,1,1,AB,1,1,2.84,3
14,18,CHINESE-FILIPINO,MALE,3.jpg,26.jpg,2,2,2,AB,2,1,2.68,3
14,18,CHINESE-FILIPINO,MALE,11.jpg,11.jpg,2,1,2,AA,2,1,3.32,1
14,18,CHINESE-FILIPINO,MALE,23.jpg,47.jpg,2,1,1,AB,2,0,2.82,1
14,18,CHINESE-FILIPINO,MALE,27.jpg,27.jpg,1,2,1,AA,1,1,4.69,2
14,18,CHINESE-FILIPINO,MALE,15.jpg,39.jpg,1,1,2,AB,2,1,2.47,3
14,18,CHINESE-FILIPINO,MALE,31.jpg,4.jpg,2,1,2,AB,2,1,1.69,3
14,18,CHINESE-FILIPINO,MALE,42.jpg,42.jpg,2,1,1,AA,1,1,2.66,3
14,18,CHINESE-FILIPINO,MALE,10.jpg,21.jpg,1,2,1,AB,1,1,3.72,2
14,18,CHINESE-FILIPINO,MALE,33.jpg,33.jpg,1,2,1,AA,1,1,3.23,2
14,18,CHINESE-FILIPINO,MALE,18.jpg,18.jpg,1,2,2,AA,2,1,4.21,1
14,18,CHINESE-FILIPINO,MALE,37.jpg,22.jpg,2,1,2,AB,2,1,1.49,3
14,18,CHINESE-FILIPINO,MALE,7.jpg,17.jpg,1,2,1,AB,1,1,2.12,3
14,18,CHINESE-FILIPINO,MALE,16.jpg,16.jpg,2,1,2,AA,2,1,2.78,3
14,18,CHINESE-FILIPINO,MALE,36.jpg,36.jpg,2,1,1,AA,1,1,3.33,3
14,18,CHINESE-FILIPINO,MALE,9.jpg,9.jpg,2,1,1,AA,1,1,2.5,2
14,18,CHINESE-FILIPINO,MALE,40.jpg,25.jpg,2,1,1,AB,1,1,3.38,1
14,18,CHINESE-FILIPINO,MALE,32.jpg,20.jpg,2,2,2,AB,2,1,2.97,2
14,18,CHINESE-FILIPINO,MALE,46.jpg,46.jpg,1,2,1,AA,1,1,4.03,3
14,18,CHINESE-FILIPINO,MALE,6.jpg,29.jpg,1,2,2,AB,2,1,2.14,3
14,18,CHINESE-FILIPINO,MALE,38.jpg,38.jpg,2,1,1,AA,1,1,3.67,2
14,18,CHINESE-FILIPINO,MALE,24.jpg,5.jpg,1,1,1,AB,2,0,5.46,1
14,18,CHINESE-FILIPINO,MALE,28.jpg,28.jpg,2,1,2,AA,2,1,3.48,2
14,18,CHINESE-FILIPINO,MALE,8.jpg,34.jpg,2,2,1,AB,1,1,3.04,2
14,18,CHINESE-FILIPINO,MALE,1.jpg,1.jpg,1,2,2,AA,2,1,1.51,3
14,18,CHINESE-FILIPINO,MALE,2.jpg,19.jpg,2,2,1,AB,1,1,2.93,2
15,20,HISPANIC,FEMALE,35.jpg,35.jpg,2,1,1,AA,1,1,5.29,3
15,20,HISPANIC,FEMALE,8.jpg,8.jpg,2,1,2,AA,2,1,2.44,3
15,20,HISPANIC,FEMALE,42.jpg,2.jpg,2,2,2,AB,1,0,2.42,3
15,20,HISPANIC,FEMALE,6.jpg,6.jpg,2,1,2,AA,2,1,2.03,3
15,20,HISPANIC,FEMALE,38.jpg,5.jpg,2,2,2,AB,1,0,1.68,3
15,20,HISPANIC,FEMALE,20.jpg,20.jpg,1,2,1,AA,1,1,1.44,3
15,20,HISPANIC,FEMALE,14.jpg,23.jpg,1,2,2,AB,2,1,2.24,3
15,20,HISPANIC,FEMALE,39.jpg,12.jpg,1,1,1,AB,1,1,1.54,3
15,20,HISPANIC,FEMALE,44.jpg,4.jpg,1,2,1,AB,2,0,2.81,2
15,20,HISPANIC,FEMALE,27.jpg,27.jpg,2,1,1,AA,1,1,1.95,3
15,20,HISPANIC,FEMALE,26.jpg,26.jpg,2,1,1,AA,1,1,3.72,3
15,20,HISPANIC,FEMALE,18.jpg,48.jpg,2,2,1,AB,1,1,3.23,1
15,20,HISPANIC,FEMALE,9.jpg,43.jpg,1,1,2,AB,2,1,2.29,3
15,20,HISPANIC,FEMALE,29.jpg,10.jpg,1,2,1,AB,1,1,1.67,3
15,20,HISPANIC,FEMALE,17.jpg,11.jpg,2,1,1,AB,1,1,1.91,3
15,20,HISPANIC,FEMALE,34.jpg,13.jpg,2,1,2,AB,1,0,1.14,3
15,20,HISPANIC,FEMALE,32.jpg,33.jpg,1,2,2,AB,1,0,2.12,3
15,20,HISPANIC,FEMALE,47.jpg,47.jpg,2,1,1,AA,1,1,2.2,2
15,20,HISPANIC,FEMALE,19.jpg,19.jpg,1,2,2,AA,2,1,1.82,3
15,20,HISPANIC,FEMALE,31.jpg,31.jpg,1,2,2,AA,2,1,4,3
15,20,HISPANIC,FEMALE,30.jpg,30.jpg,1,2,1,AA,1,1,3.08,1
15,20,HISPANIC,FEMALE,28.jpg,28.jpg,2,1,2,AA,2,1,1.91,3
15,20,HISPANIC,FEMALE,3.jpg,3.jpg,2,1,2,AA,2,1,4.19,1
15,20,HISPANIC,FEMALE,22.jpg,22.jpg,1,2,1,AA,1,1,1.08,3
15,20,HISPANIC,FEMALE,41.jpg,45.jpg,1,1,1,AB,1,1,2.99,3
15,20,HISPANIC,FEMALE,36.jpg,37.jpg,1,1,2,AB,1,0,1.01,1
15,20,HISPANIC,FEMALE,16.jpg,16.jpg,1,2,2,AA,2,1,2.4,3
15,20,HISPANIC,FEMALE,21.jpg,7.jpg,2,2,1,AB,1,1,2.78,3
15,20,HISPANIC,FEMALE,40.jpg,40.jpg,1,2,2,AA,2,1,3.52,3
15,20,HISPANIC,FEMALE,1.jpg,24.jpg,2,1,2,AB,1,0,3.64,1
15,20,HISPANIC,FEMALE,25.jpg,15.jpg,2,1,1,AB,1,1,1.71,3
16,18,Middle Eastern,Female,45.jpg,8.jpg,1,1,1,AB,1,1,3.25,3
16,18,Middle Eastern,Female,39.jpg,47.jpg,2,1,2,AB,2,1,3.59,3
16,18,Middle Eastern,Female,2.jpg,35.jpg,2,1,2,AB,1,0,4.02,2
16,18,Middle Eastern,Female,23.jpg,23.jpg,2,1,2,AA,2,1,1.24,3
16,18,Middle Eastern,Female,11.jpg,26.jpg,1,2,1,AB,1,1,3.19,3
16,18,Middle Eastern,Female,28.jpg,48.jpg,2,1,1,AB,2,0,4.07,1
16,18,Middle Eastern,Female,19.jpg,16.jpg,1,2,2,AB,2,1,1.85,2
16,18,Middle Eastern,Female,34.jpg,3.jpg,1,1,2,AB,2,1,2.36,3
16,18,Middle Eastern,Female,9.jpg,9.jpg,2,1,1,AA,1,1,2.24,3
16,18,Middle Eastern,Female,1.jpg,1.jpg,1,2,2,AA,2,1,3.09,2
16,18,Middle Eastern,Female,38.jpg,10.jpg,2,2,2,AB,2,1,4.35,1
16,18,Middle Eastern,Female,25.jpg,25.jpg,2,1,1,AA,1,1,2.03,3
16,18,Middle Eastern,Female,12.jpg,12.jpg,1,2,2,AA,2,1,3.36,3
16,18,Middle Eastern,Female,32.jpg,32.jpg,1,2,1,AA,1,1,1.87,3
16,18,Middle Eastern,Female,5.jpg,5.jpg,2,1,1,AA,1,1,4.4,2
16,18,Middle Eastern,Female,33.jpg,31.jpg,1,2,1,AB,1,1,3.55,1
16,18,Middle Eastern,Female,43.jpg,29.jpg,2,2,2,AB,2,1,3.73,1
16,18,Middle Eastern,Female,4.jpg,36.jpg,1,1,2,AB,2,1,4.76,1
16,18,Middle Eastern,Female,13.jpg,13.jpg,1,2,2,AA,2,1,4.82,2
16,18,Middle Eastern,Female,42.jpg,46.jpg,2,2,1,AB,1,1,3.87,2
16,18,Middle Eastern,Female,24.jpg,24.jpg,1,2,1,AA,2,0,2.53,2
16,18,Middle Eastern,Female,20.jpg,37.jpg,2,1,1,AB,1,1,1.81,3
16,18,Middle Eastern,Female,18.jpg,15.jpg,1,2,2,AB,2,1,3.3,2
16,18,Middle Eastern,Female,17.jpg,30.jpg,1,1,1,AB,1,1,2.88,2
16,18,Middle Eastern,Female,6.jpg,6.jpg,2,1,2,AA,2,1,2.98,2
16,18,Middle Eastern,Female,40.jpg,40.jpg,2,1,2,AA,2,1,1.52,3
16,18,Middle Eastern,Female,7.jpg,7.jpg,2,1,2,AA,1,0,3.67,2
16,18,Middle Eastern,Female,44.jpg,44.jpg,1,2,2,AA,2,1,3.13,3
16,18,Middle Eastern,Female,41.jpg,41.jpg,1,2,1,AA,2,0,5.05,2
16,18,Middle Eastern,Female,21.jpg,21.jpg,2,1,1,AA,1,1,3.74,2
16,18,Middle Eastern,Female,14.jpg,14.jpg,1,2,1,AA,1,1,1.74,3
17,19,Asian,Male,42.jpg,42.jpg,1,2,1,AA,1,1,3.02,3
17,19,Asian,Male,18.jpg,13.jpg,1,1,2,AB,2,1,2.8,3
17,19,Asian,Male,29.jpg,29.jpg,1,2,1,AA,1,1,2.48,3
17,19,Asian,Male,12.jpg,9.jpg,2,1,1,AB,1,1,3.33,2
17,19,Asian,Male,46.jpg,46.jpg,2,1,2,AA,2,1,2.33,3
17,19,Asian,Male,3.jpg,34.jpg,2,2,2,AB,2,1,2.85,3
17,19,Asian,Male,21.jpg,21.jpg,1,2,1,AA,1,1,1.9,3
17,19,Asian,Male,48.jpg,17.jpg,1,2,1,AB,1,1,3.5,2
17,19,Asian,Male,4.jpg,4.jpg,2,1,2,AA,2,1,3.71,1
17,19,Asian,Male,40.jpg,41.jpg,2,1,2,AB,2,1,1.46,2
17,19,Asian,Male,38.jpg,10.jpg,2,1,2,AB,2,1,3.25,3
17,19,Asian,Male,8.jpg,8.jpg,1,2,1,AA,1,1,1.32,3
17,19,Asian,Male,44.jpg,19.jpg,2,1,1,AB,1,1,2.03,3
17,19,Asian,Male,16.jpg,15.jpg,1,1,1,AB,1,1,1.84,3
17,19,Asian,Male,20.jpg,31.jpg,1,1,1,AB,1,1,3.22,3
17,19,Asian,Male,1.jpg,26.jpg,1,2,2,AB,2,1,2.95,3
17,19,Asian,Male,33.jpg,33.jpg,2,1,1,AA,1,1,1.9,2
17,19,Asian,Male,43.jpg,45.jpg,2,2,1,AB,1,1,1.68,3
17,19,Asian,Male,24.jpg,23.jpg,1,2,1,AB,1,1,1.98,2
17,19,Asian,Male,37.jpg,37.jpg,2,1,2,AA,2,1,2.37,3
17,19,Asian,Male,27.jpg,28.jpg,2,2,2,AB,2,1,3.57,3
17,19,Asian,Male,47.jpg,47.jpg,1,2,2,AA,1,0,2.8,2
17,19,Asian,Male,30.jpg,30.jpg,1,2,2,AA,2,1,1.67,3
17,19,Asian,Male,7.jpg,6.jpg,1,2,2,AB,2,1,2.44,3
17,19,Asian,Male,35.jpg,39.jpg,2,2,1,AB,1,1,4.3,2
17,19,Asian,Male,11.jpg,11.jpg,1,2,2,AA,2,1,1.5,3
17,19,Asian,Male,25.jpg,25.jpg,2,1,2,AA,2,1,2.77,2
17,19,Asian,Male,22.jpg,22.jpg,2,1,1,AA,1,1,2.69,1
17,19,Asian,Male,36.jpg,36.jpg,2,1,1,AA,1,1,1.83,3
17,19,Asian,Male,2.jpg,2.jpg,1,2,2,AA,2,1,1.5,3
17,19,Asian,Male,5.jpg,14.jpg,1,1,2,AB,1,0,2.76,2
17,19,Asian,Male,32.jpg,32.jpg,2,1,1,AA,1,1,1.37,3
18,24,CACAUSIAN,MALE,19.jpg,19.jpg,1,2,2,AA,2,1,1.46,3
18,24,CACAUSIAN,MALE,22.jpg,40.jpg,1,1,2,AB,2,1,2.52,2
18,24,CACAUSIAN,MALE,28.jpg,28.jpg,2,1,1,AA,1,1,2.65,2
18,24,CACAUSIAN,MALE,23.jpg,23.jpg,1,2,1,AA,1,1,2.2,3
18,24,CACAUSIAN,MALE,26.jpg,26.jpg,2,1,2,AA,2,1,2.13,3
18,24,CACAUSIAN,MALE,1.jpg,1.jpg,2,1,1,AA,2,0,2.31,3
18,24,CACAUSIAN,MALE,46.jpg,46.jpg,1,2,2,AA,2,1,2.82,3
18,24,CACAUSIAN,MALE,15.jpg,9.jpg,1,1,2,AB,1,0,1.71,2
18,24,CACAUSIAN,MALE,12.jpg,12.jpg,1,2,2,AA,2,1,1,3
18,24,CACAUSIAN,MALE,30.jpg,4.jpg,1,2,2,AB,2,1,0.87,3
18,24,CACAUSIAN,MALE,14.jpg,34.jpg,1,2,1,AB,1,1,2.4,3
18,24,CACAUSIAN,MALE,43.jpg,43.jpg,1,2,1,AA,1,1,1.73,3
18,24,CACAUSIAN,MALE,8.jpg,24.jpg,2,2,2,AB,2,1,2.36,2
18,24,CACAUSIAN,MALE,7.jpg,7.jpg,2,1,1,AA,1,1,1.46,3
18,24,CACAUSIAN,MALE,31.jpg,39.jpg,1,1,1,AB,2,0,1.96,2
18,24,CACAUSIAN,MALE,44.jpg,44.jpg,2,1,2,AA,2,1,3.59,2
18,24,CACAUSIAN,MALE,38.jpg,42.jpg,2,2,2,AB,2,1,2.53,3
18,24,CACAUSIAN,MALE,16.jpg,16.jpg,2,1,1,AA,1,1,4.5,2
18,24,CACAUSIAN,MALE,6.jpg,45.jpg,2,1,1,AB,1,1,3.05,2
18,24,CACAUSIAN,MALE,25.jpg,35.jpg,1,2,1,AB,1,1,4.18,2
18,24,CACAUSIAN,MALE,13.jpg,13.jpg,1,2,1,AA,1,1,4.05,2
18,24,CACAUSIAN,MALE,37.jpg,21.jpg,1,2,2,AB,2,1,4.73,3
18,24,CACAUSIAN,MALE,41.jpg,47.jpg,2,2,1,AB,1,1,3.35,2
18,24,CACAUSIAN,MALE,36.jpg,48.jpg,2,1,1,AB,2,0,4.31,1
18,24,CACAUSIAN,MALE,5.jpg,5.jpg,2,1,2,AA,2,1,4.23,2
18,24,CACAUSIAN,MALE,10.jpg,33.jpg,2,2,1,AB,1,1,4.74,2
18,24,CACAUSIAN,MALE,17.jpg,29.jpg,1,1,1,AB,2,0,4.71,2
18,24,CACAUSIAN,MALE,2.jpg,2.jpg,1,2,2,AA,1,0,4.01,2
18,24,CACAUSIAN,MALE,20.jpg,18.jpg,2,1,2,AB,2,1,2.7,2
18,24,CACAUSIAN,MALE,27.jpg,27.jpg,2,1,2,AA,1,0,4.48,2
18,24,CACAUSIAN,MALE,11.jpg,32.jpg,2,1,2,AB,2,1,1.69,2
2,21,MIDDLE EASTERN,FEMALE,31.jpg,11.jpg,2,1,1,AB,1,1,5.39,3
2,21,MIDDLE EASTERN,FEMALE,35.jpg,39.jpg,1,2,1,AB,1,1,2.51,3
2,21,MIDDLE EASTERN,FEMALE,43.jpg,43.jpg,1,2,2,AA,2,1,2.64,3
2,21,MIDDLE EASTERN,FEMALE,29.jpg,1.jpg,1,1,1,AB,1,1,3.8,3
2,21,MIDDLE EASTERN,FEMALE,25.jpg,25.jpg,1,2,2,AA,2,1,2.71,3
2,21,MIDDLE EASTERN,FEMALE,28.jpg,15.jpg,1,2,2,AB,2,1,3.74,3
2,21,MIDDLE EASTERN,FEMALE,24.jpg,17.jpg,2,2,2,AB,2,1,4.73,1
2,21,MIDDLE EASTERN,FEMALE,44.jpg,14.jpg,2,2,1,AB,1,1,5.43,2
2,21,MIDDLE EASTERN,FEMALE,6.jpg,6.jpg,2,1,2,AA,2,1,2.52,3
2,21,MIDDLE EASTERN,FEMALE,16.jpg,16.jpg,2,1,1,AA,1,1,5.11,3
2,21,MIDDLE EASTERN,FEMALE,42.jpg,42.jpg,2,1,1,AA,1,1,5.49,2
2,21,MIDDLE EASTERN,FEMALE,37.jpg,22.jpg,1,2,1,AB,1,1,4.88,3
2,21,MIDDLE EASTERN,FEMALE,41.jpg,40.jpg,2,1,2,AB,2,1,4.64,3
2,21,MIDDLE EASTERN,FEMALE,4.jpg,4.jpg,2,1,2,AA,2,1,2.66,3
2,21,MIDDLE EASTERN,FEMALE,47.jpg,45.jpg,2,2,1,AB,1,1,3.13,3
2,21,MIDDLE EASTERN,FEMALE,23.jpg,23.jpg,2,1,1,AA,1,1,1.74,3
2,21,MIDDLE EASTERN,FEMALE,9.jpg,8.jpg,1,1,2,AB,2,1,3.54,2
2,21,MIDDLE EASTERN,FEMALE,20.jpg,34.jpg,2,1,1,AB,1,1,2.89,2
2,21,MIDDLE EASTERN,FEMALE,26.jpg,26.jpg,1,2,1,AA,1,1,4.87,2
2,21,MIDDLE EASTERN,FEMALE,19.jpg,19.jpg,1,2,2,AA,2,1,2.92,3
2,21,MIDDLE EASTERN,FEMALE,18.jpg,48.jpg,1,2,2,AB,1,0,4.52,1
2,21,MIDDLE EASTERN,FEMALE,12.jpg,12.jpg,1,2,1,AA,1,1,2.49,3
2,21,MIDDLE EASTERN,FEMALE,33.jpg,30.jpg,2,2,2,AB,1,0,2.69,2
2,21,MIDDLE EASTERN,FEMALE,27.jpg,3.jpg,1,1,1,AB,1,1,5.98,1
2,21,MIDDLE EASTERN,FEMALE,2.jpg,2.jpg,2,1,2,AA,2,1,2.6,3
2,21,MIDDLE EASTERN,FEMALE,10.jpg,10.jpg,1,2,1,AA,1,1,1.84,3
2,21,MIDDLE EASTERN,FEMALE,36.jpg,36.jpg,2,1,2,AA,2,1,3.15,3
2,21,MIDDLE EASTERN,FEMALE,46.jpg,46.jpg,1,2,2,AA,2,1,3.21,3
2,21,MIDDLE EASTERN,FEMALE,38.jpg,38.jpg,2,1,1,AA,1,1,2.5,3
2,21,MIDDLE EASTERN,FEMALE,7.jpg,32.jpg,2,1,2,AB,2,1,3.8,2
20,19,HISPANIC,Male,24.jpg,24.jpg,1,2,1,AA,1,1,3.37,1
20,19,HISPANIC,Male,19.jpg,19.jpg,1,2,2,AA,2,1,5.68,1
20,19,HISPANIC,Male,46.jpg,46.jpg,2,1,2,AA,1,0,1.59,3
20,19,HISPANIC,Male,12.jpg,12.jpg,1,2,1,AA,2,0,2.89,2
20,19,HISPANIC,Male,39.jpg,45.jpg,1,1,1,AB,1,1,3.17,1
20,19,HISPANIC,Male,32.jpg,32.jpg,2,1,2,AA,2,1,1.57,3
20,19,HISPANIC,Male,40.jpg,40.jpg,1,2,2,AA,2,1,3.47,2
20,19,HISPANIC,Male,31.jpg,41.jpg,1,1,2,AB,1,0,4.25,2
20,19,HISPANIC,Male,28.jpg,2.jpg,1,2,2,AB,1,0,2.96,2
20,19,HISPANIC,Male,10.jpg,23.jpg,1,2,1,AB,1,1,2.65,1
20,19,HISPANIC,Male,5.jpg,5.jpg,2,1,1,AA,1,1,3.28,2
20,19,HISPANIC,Male,4.jpg,4.jpg,2,1,1,AA,2,0,3.35,1
20,19,HISPANIC,Male,33.jpg,25.jpg,2,2,1,AB,1,1,1,3
20,19,HISPANIC,Male,15.jpg,30.jpg,1,2,2,AB,2,1,4.69,2
20,19,HISPANIC,Male,38.jpg,38.jpg,2,1,1,AA,1,1,4.34,1
20,19,HISPANIC,Male,1.jpg,18.jpg,2,2,2,AB,2,1,3.3,2
20,19,HISPANIC,Male,11.jpg,8.jpg,1,1,1,AB,1,1,3.1,3
20,19,HISPANIC,Male,37.jpg,43.jpg,2,1,2,AB,2,1,2.25,2
20,19,HISPANIC,Male,47.jpg,13.jpg,1,1,2,AB,1,0,1.54,3
20,19,HISPANIC,Male,34.jpg,48.jpg,2,2,1,AB,2,0,3,2
20,19,HISPANIC,Male,21.jpg,14.jpg,1,2,1,AB,1,1,3.36,3
20,19,HISPANIC,Male,35.jpg,35.jpg,2,1,1,AA,1,1,4.08,1
20,19,HISPANIC,Male,20.jpg,44.jpg,2,1,1,AB,2,0,2.87,1
20,19,HISPANIC,Male,22.jpg,22.jpg,1,2,1,AA,1,1,2.48,2
20,19,HISPANIC,Male,7.jpg,16.jpg,2,1,2,AB,2,1,4.2,1
20,19,HISPANIC,Male,9.jpg,9.jpg,1,2,2,AA,2,1,2.45,2
20,19,HISPANIC,Male,36.jpg,36.jpg,2,1,2,AA,2,1,3.31,2
20,19,HISPANIC,Male,26.jpg,26.jpg,1,2,1,AA,1,1,3.71,1
20,19,HISPANIC,Male,17.jpg,17.jpg,2,1,2,AA,2,1,4.31,1
20,19,HISPANIC,Male,27.jpg,3.jpg,2,2,2,AB,2,1,4.04,3
20,19,HISPANIC,Male,29.jpg,29.jpg,1,2,2,AA,1,0,3.6,1
21,19,HISPANIC,FEMALE,4.jpg,5.jpg,1,1,1,AB,1,1,3.84,1
21,19,HISPANIC,FEMALE,31.jpg,23.jpg,2,1,1,AB,1,1,5.59,3
21,19,HISPANIC,FEMALE,11.jpg,11.jpg,2,1,2,AA,2,1,2.42,3
21,19,HISPANIC,FEMALE,9.jpg,27.jpg,1,1,2,AB,1,0,1.96,3
21,19,HISPANIC,FEMALE,1.jpg,1.jpg,1,2,1,AA,1,1,3.99,1
21,19,HISPANIC,FEMALE,34.jpg,34.jpg,1,2,1,AA,1,1,2.53,1
21,19,HISPANIC,FEMALE,29.jpg,29.jpg,1,2,1,AA,1,1,2.94,1
21,19,HISPANIC,FEMALE,6.jpg,32.jpg,1,2,1,AB,1,1,3.66,1
21,19,HISPANIC,FEMALE,30.jpg,30.jpg,2,1,2,AA,1,0,4.6,1
21,19,HISPANIC,FEMALE,10.jpg,35.jpg,2,2,1,AB,2,0,2.98,3
21,19,HISPANIC,FEMALE,15.jpg,15.jpg,2,1,1,AA,1,1,1.11,3
21,19,HISPANIC,FEMALE,7.jpg,47.jpg,2,2,2,AB,2,1,2.38,3
21,19,HISPANIC,FEMALE,37.jpg,37.jpg,1,2,2,AA,1,0,3.72,1
21,19,HISPANIC,FEMALE,14.jpg,12.jpg,2,1,2,AB,2,1,2.06,3
21,19,HISPANIC,FEMALE,44.jpg,44.jpg,1,2,1,AA,1,1,4.74,1
21,19,HISPANIC,FEMALE,33.jpg,33.jpg,2,1,1,AA,1,1,2.75,2
21,19,HISPANIC,FEMALE,22.jpg,28.jpg,1,2,2,AB,2,1,5.43,3
21,19,HISPANIC,FEMALE,13.jpg,13.jpg,2,1,1,AA,1,1,3.93,3
21,19,HISPANIC,FEMALE,18.jpg,18.jpg,1,2,2,AA,1,0,4.45,2
21,19,HISPANIC,FEMALE,24.jpg,17.jpg,2,2,1,AB,1,1,2.26,2
21,19,HISPANIC,FEMALE,43.jpg,43.jpg,2,1,1,AA,1,1,4.09,1
21,19,HISPANIC,FEMALE,16.jpg,39.jpg,1,1,1,AB,1,1,2.16,3
21,19,HISPANIC,FEMALE,8.jpg,8.jpg,2,1,2,AA,2,1,2.8,3
21,19,HISPANIC,FEMALE,45.jpg,42.jpg,2,2,2,AB,1,0,3.13,1
21,19,HISPANIC,FEMALE,38.jpg,38.jpg,1,2,2,AA,2,1,1.89,3
21,19,HISPANIC,FEMALE,21.jpg,36.jpg,2,1,1,AB,1,1,3.06,3
21,19,HISPANIC,FEMALE,40.jpg,3.jpg,1,2,2,AB,2,1,5.13,2
21,19,HISPANIC,FEMALE,2.jpg,2.jpg,2,1,2,AA,1,0,5.15,2
21,19,HISPANIC,FEMALE,41.jpg,20.jpg,1,2,1,AB,2,0,1.38,3
21,19,HISPANIC,FEMALE,46.jpg,25.jpg,1,1,2,AB,2,1,2.97,3
21,19,HISPANIC,FEMALE,19.jpg,19.jpg,1,2,2,AA,1,0,2.2,1
22,21,HISPANIC,FEMALE,18.jpg,18.jpg,1,2,1,AA,1,1,2.9,3
22,21,HISPANIC,FEMALE,21.jpg,21.jpg,2,1,2,AA,1,0,3.54,3
22,21,HISPANIC,FEMALE,3.jpg,3.jpg,1,2,1,AA,1,1,4.09,3
22,21,HISPANIC,FEMALE,27.jpg,34.jpg,2,1,2,AB,1,0,2.27,3
22,21,HISPANIC,FEMALE,30.jpg,44.jpg,2,2,1,AB,1,1,1.3,3
22,21,HISPANIC,FEMALE,31.jpg,12.jpg,1,1,1,AB,1,1,3.17,3
22,21,HISPANIC,FEMALE,33.jpg,10.jpg,2,2,2,AB,1,0,4.55,3
22,21,HISPANIC,FEMALE,7.jpg,7.jpg,1,2,2,AA,2,1,4.5,3
22,21,HISPANIC,FEMALE,20.jpg,20.jpg,1,2,2,AA,1,0,3.27,3
22,21,HISPANIC,FEMALE,15.jpg,37.jpg,1,2,2,AB,2,1,3.47,3
22,21,HISPANIC,FEMALE,17.jpg,39.jpg,2,1,1,AB,1,1,2.47,3
22,21,HISPANIC,FEMALE,8.jpg,29.jpg,1,2,2,AB,2,1,3.61,3
22,21,HISPANIC,FEMALE,26.jpg,26.jpg,1,2,1,AA,1,1,4,3
22,21,HISPANIC,FEMALE,32.jpg,6.jpg,1,2,1,AB,1,1,4.1,3
22,21,HISPANIC,FEMALE,9.jpg,36.jpg,2,2,2,AB,1,0,3.31,3
22,21,HISPANIC,FEMALE,40.jpg,40.jpg,2,1,1,AA,1,1,3.51,3
22,21,HISPANIC,FEMALE,28.jpg,28.jpg,2,1,2,AA,1,0,5.86,3
22,21,HISPANIC,FEMALE,22.jpg,48.jpg,2,1,1,AB,1,1,3.96,3
22,21,HISPANIC,FEMALE,4.jpg,4.jpg,1,2,1,AA,2,0,3.76,3
22,21,HISPANIC,FEMALE,5.jpg,5.jpg,2,1,1,AA,2,0,3.84,3
22,21,HISPANIC,FEMALE,25.jpg,25.jpg,2,1,2,AA,2,1,2.95,3
22,21,HISPANIC,FEMALE,23.jpg,23.jpg,1,2,2,AA,2,1,3.77,3
22,21,HISPANIC,FEMALE,43.jpg,1.jpg,2,1,2,AB,2,1,2.16,3
22,21,HISPANIC,FEMALE,16.jpg,24.jpg,1,1,1,AB,2,0,1.79,3
22,21,HISPANIC,FEMALE,14.jpg,14.jpg,2,1,2,AA,1,0,1.65,3
22,21,HISPANIC,FEMALE,45.jpg,45.jpg,2,1,1,AA,1,1,3.54,3
22,21,HISPANIC,FEMALE,42.jpg,47.jpg,1,2,1,AB,1,1,4.28,3
22,21,HISPANIC,FEMALE,11.jpg,41.jpg,1,1,2,AB,2,1,3.54,3
22,21,HISPANIC,FEMALE,46.jpg,13.jpg,2,2,1,AB,2,0,2.78,3
22,21,HISPANIC,FEMALE,19.jpg,35.jpg,1,1,2,AB,2,1,3.56,3
22,21,HISPANIC,FEMALE,38.jpg,38.jpg,2,1,1,AA,1,1,2.53,3
23,19,CHINESE,male,16.jpg,16.jpg,2,1,1,AA,2,0,2.5,1
23,19,CHINESE,male,4.jpg,4.jpg,1,2,1,AA,1,1,2.25,3
23,19,CHINESE,male,25.jpg,29.jpg,1,1,2,AB,2,1,3.59,2
23,19,CHINESE,male,23.jpg,23.jpg,2,1,2,AA,1,0,4.02,2
23,19,CHINESE,male,13.jpg,27.jpg,1,2,2,AB,2,1,3.87,3
23,19,CHINESE,male,45.jpg,45.jpg,1,2,1,AA,1,1,3.29,2
23,19,CHINESE,male,40.jpg,40.jpg,2,1,2,AA,2,1,1.46,3
23,19,CHINESE,male,11.jpg,32.jpg,2,1,1,AB,1,1,1.99,3
23,19,CHINESE,male,47.jpg,47.jpg,2,1,2,AA,2,1,4.34,3
23,19,CHINESE,male,7.jpg,7.jpg,2,1,1,AA,1,1,4.32,3
23,19,CHINESE,male,37.jpg,37.jpg,1,2,2,AA,2,1,2.13,3
23,19,CHINESE,male,2.jpg,19.jpg,2,1,2,AB,2,1,1.83,3
23,19,CHINESE,male,41.jpg,8.jpg,2,2,2,AB,2,1,1.71,3
23,19,CHINESE,male,24.jpg,36.jpg,2,2,2,AB,2,1,2.71,3
23,19,CHINESE,male,5.jpg,22.jpg,1,2,1,AB,1,1,1.77,3
23,19,CHINESE,male,18.jpg,18.jpg,2,1,1,AA,1,1,3.63,1
23,19,CHINESE,male,14.jpg,14.jpg,2,1,2,AA,2,1,2.07,3
23,19,CHINESE,male,15.jpg,15.jpg,1,2,1,AA,1,1,3.09,1
23,19,CHINESE,male,33.jpg,12.jpg,1,1,2,AB,2,1,3.25,3
23,19,CHINESE,male,38.jpg,38.jpg,1,2,2,AA,2,1,2.54,3
23,19,CHINESE,male,9.jpg,44.jpg,1,1,1,AB,1,1,2.62,2
23,19,CHINESE,male,21.jpg,6.jpg,1,2,1,AB,1,1,2.28,3
23,19,CHINESE,male,42.jpg,3.jpg,2,2,1,AB,2,0,1.43,3
23,19,CHINESE,male,1.jpg,39.jpg,2,1,2,AB,1,0,4.04,1
23,19,CHINESE,male,26.jpg,26.jpg,1,2,1,AA,1,1,2.3,3
23,19,CHINESE,male,17.jpg,20.jpg,2,2,1,AB,2,0,2.87,2
23,19,CHINESE,male,35.jpg,35.jpg,1,2,2,AA,1,0,4.24,2
23,19,CHINESE,male,34.jpg,48.jpg,1,2,2,AB,2,1,1.71,3
23,19,CHINESE,male,46.jpg,10.jpg,1,1,1,AB,1,1,2.75,3
23,19,CHINESE,male,28.jpg,31.jpg,2,1,1,AB,1,1,2.45,3
23,19,CHINESE,male,43.jpg,43.jpg,2,1,1,AA,2,0,4.15,3
23,19,CHINESE,male,30.jpg,30.jpg,1,2,2,AA,2,1,1.81,3
24,18,ASIAN,FEMALE,39.jpg,39.jpg,2,1,2,AA,2,1,3,3
24,18,ASIAN,FEMALE,29.jpg,29.jpg,1,2,2,AA,2,1,1.86,3
24,18,ASIAN,FEMALE,34.jpg,19.jpg,2,1,2,AB,2,1,1.82,3
24,18,ASIAN,FEMALE,30.jpg,30.jpg,2,1,1,AA,1,1,1.9,2
24,18,ASIAN,FEMALE,16.jpg,27.jpg,2,2,2,AB,1,0,1.37,3
24,18,ASIAN,FEMALE,28.jpg,40.jpg,1,1,2,AB,1,0,0.95,1
24,18,ASIAN,FEMALE,3.jpg,2.jpg,2,1,1,AB,2,0,2.54,3
24,18,ASIAN,FEMALE,43.jpg,43.jpg,1,2,2,AA,2,1,2.44,1
24,18,ASIAN,FEMALE,46.jpg,33.jpg,1,1,1,AB,1,1,2.22,2
24,18,ASIAN,FEMALE,4.jpg,4.jpg,2,1,1,AA,2,0,1.87,3
24,18,ASIAN,FEMALE,9.jpg,9.jpg,1,2,1,AA,1,1,1.58,3
24,18,ASIAN,FEMALE,11.jpg,11.jpg,2,1,1,AA,1,1,1.87,2
24,18,ASIAN,FEMALE,18.jpg,14.jpg,2,2,1,AB,2,0,2.7,3
24,18,ASIAN,FEMALE,15.jpg,15.jpg,1,2,1,AA,1,1,1.28,2
24,18,ASIAN,FEMALE,5.jpg,24.jpg,2,2,1,AB,2,0,1.7,2
24,18,ASIAN,FEMALE,44.jpg,44.jpg,1,2,1,AA,1,1,2.4,2
24,18,ASIAN,FEMALE,7.jpg,20.jpg,1,2,1,AB,1,1,1.38,3
24,18,ASIAN,FEMALE,42.jpg,42.jpg,2,1,2,AA,2,1,2.7,2
24,18,ASIAN,FEMALE,32.jpg,13.jpg,1,2,2,AB,1,0,2.7,3
24,18,ASIAN,FEMALE,47.jpg,47.jpg,1,2,1,AA,2,0,2.52,2
24,18,ASIAN,FEMALE,6.jpg,6.jpg,1,2,2,AA,2,1,2.37,3
24,18,ASIAN,FEMALE,38.jpg,38.jpg,2,1,2,AA,2,1,1.58,3
24,18,ASIAN,FEMALE,41.jpg,41.jpg,2,1,2,AA,1,0,3.45,2
24,18,ASIAN,FEMALE,37.jpg,35.jpg,1,2,1,AB,2,0,1.69,1
24,18,ASIAN,FEMALE,17.jpg,22.jpg,2,1,1,AB,1,1,1.77,2
24,18,ASIAN,FEMALE,10.jpg,36.jpg,1,1,1,AB,1,1,2.62,3
24,18,ASIAN,FEMALE,31.jpg,8.jpg,1,2,2,AB,2,1,2.01,3
24,18,ASIAN,FEMALE,45.jpg,12.jpg,2,2,2,AB,2,1,2.16,2
24,18,ASIAN,FEMALE,48.jpg,26.jpg,1,1,2,AB,2,1,2.63,3
24,18,ASIAN,FEMALE,21.jpg,21.jpg,2,1,1,AA,2,0,2.42,2
24,18,ASIAN,FEMALE,1.jpg,1.jpg,1,2,2,AA,2,1,1.58,3
24,18,ASIAN,FEMALE,25.jpg,23.jpg,2,1,2,AB,2,1,2.29,3
25,21,ASIAN,MALE,18.jpg,18.jpg,2,1,1,AA,1,1,1.91,1
25,21,ASIAN,MALE,28.jpg,44.jpg,1,2,2,AB,1,0,2.3,1
25,21,ASIAN,MALE,17.jpg,22.jpg,1,1,1,AB,1,1,1.2,2
25,21,ASIAN,MALE,27.jpg,8.jpg,2,2,1,AB,1,1,0.82,3
25,21,ASIAN,MALE,46.jpg,12.jpg,2,1,2,AB,2,1,1.52,3
25,21,ASIAN,MALE,42.jpg,42.jpg,1,2,1,AA,1,1,2.72,1
25,21,ASIAN,MALE,16.jpg,16.jpg,1,2,2,AA,2,1,2.21,1
25,21,ASIAN,MALE,43.jpg,33.jpg,2,1,2,AB,2,1,1.4,2
25,21,ASIAN,MALE,26.jpg,26.jpg,2,1,2,AA,2,1,1.93,1
25,21,ASIAN,MALE,11.jpg,11.jpg,1,2,1,AA,1,1,2.24,1
25,21,ASIAN,MALE,39.jpg,5.jpg,1,2,2,AB,2,1,2.59,1
25,21,ASIAN,MALE,48.jpg,7.jpg,2,1,1,AB,1,1,1.2,2
25,21,ASIAN,MALE,24.jpg,21.jpg,1,1,1,AB,1,1,1.53,1
25,21,ASIAN,MALE,15.jpg,47.jpg,1,2,1,AB,2,0,1.65,2
25,21,ASIAN,MALE,3.jpg,32.jpg,2,2,2,AB,2,1,1.44,2
25,21,ASIAN,MALE,1.jpg,10.jpg,2,1,1,AB,1,1,2.25,1
25,21,ASIAN,MALE,34.jpg,34.jpg,2,1,1,AA,2,0,1.79,1
25,21,ASIAN,MALE,36.jpg,36.jpg,1,2,2,AA,1,0,1.83,1
25,21,ASIAN,MALE,25.jpg,25.jpg,1,2,1,AA,1,1,1.49,1
25,21,ASIAN,MALE,23.jpg,29.jpg,2,2,1,AB,1,1,2.9,1
25,21,ASIAN,MALE,13.jpg,13.jpg,2,1,1,AA,1,1,1.12,3
25,21,ASIAN,MALE,19.jpg,30.jpg,1,2,1,AB,2,0,2.96,1
25,21,ASIAN,MALE,35.jpg,2.jpg,1,1,2,AB,2,1,1.27,1
25,21,ASIAN,MALE,40.jpg,40.jpg,1,2,1,AA,1,1,2.36,1
25,21,ASIAN,MALE,14.jpg,14.jpg,2,1,1,AA,1,1,1.76,1
25,21,ASIAN,MALE,37.jpg,37.jpg,2,1,2,AA,2,1,1.91,1
25,21,ASIAN,MALE,38.jpg,38.jpg,1,2,2,AA,2,1,1.09,1
25,21,ASIAN,MALE,31.jpg,6.jpg,2,2,2,AB,1,0,1.39,2
25,21,ASIAN,MALE,4.jpg,4.jpg,2,1,2,AA,1,0,1.57,2
25,21,ASIAN,MALE,20.jpg,41.jpg,1,1,2,AB,2,1,3.27,1
25,21,ASIAN,MALE,45.jpg,45.jpg,2,1,2,AA,2,1,3.44,1
26,19,HISPANIC,FEMALE,25.jpg,25.jpg,2,1,1,AA,1,1,1.6,3
26,19,HISPANIC,FEMALE,10.jpg,10.jpg,1,2,1,AA,1,1,1.54,3
26,19,HISPANIC,FEMALE,6.jpg,33.jpg,1,2,1,AB,1,1,2.01,3
26,19,HISPANIC,FEMALE,41.jpg,41.jpg,2,1,1,AA,2,0,1.49,2
26,19,HISPANIC,FEMALE,5.jpg,44.jpg,1,2,1,AB,1,1,3.89,1
26,19,HISPANIC,FEMALE,9.jpg,9.jpg,1,2,2,AA,2,1,1.75,3
26,19,HISPANIC,FEMALE,18.jpg,26.jpg,1,2,2,AB,1,0,4.5,2
26,19,HISPANIC,FEMALE,37.jpg,37.jpg,1,2,2,AA,1,0,3.39,2
26,19,HISPANIC,FEMALE,12.jpg,12.jpg,1,2,1,AA,1,1,1.43,3
26,19,HISPANIC,FEMALE,13.jpg,13.jpg,1,2,2,AA,2,1,4.71,3
26,19,HISPANIC,FEMALE,7.jpg,7.jpg,2,1,2,AA,2,1,3.76,2
26,19,HISPANIC,FEMALE,28.jpg,28.jpg,2,1,2,AA,1,0,4.78,1
26,19,HISPANIC,FEMALE,14.jpg,14.jpg,2,1,2,AA,2,1,2,3
26,19,HISPANIC,FEMALE,34.jpg,24.jpg,2,2,2,AB,2,1,1.55,3
26,19,HISPANIC,FEMALE,4.jpg,4.jpg,1,2,2,AA,2,1,2.38,3
26,19,HISPANIC,FEMALE,36.jpg,36.jpg,2,1,1,AA,1,1,2.07,3
26,19,HISPANIC,FEMALE,15.jpg,3.jpg,1,2,2,AB,2,1,4.94,1
26,19,HISPANIC,FEMALE,30.jpg,20.jpg,1,1,2,AB,2,1,1.84,3
26,19,HISPANIC,FEMALE,16.jpg,19.jpg,1,1,2,AB,2,1,2.48,3
26,19,HISPANIC,FEMALE,45.jpg,45.jpg,2,1,2,AA,2,1,2.76,3
26,19,HISPANIC,FEMALE,42.jpg,2.jpg,1,1,1,AB,1,1,5.32,2
26,19,HISPANIC,FEMALE,32.jpg,39.jpg,2,1,2,AB,2,1,3.75,1
26,19,HISPANIC,FEMALE,17.jpg,23.jpg,2,1,1,AB,1,1,2.33,3
26,19,HISPANIC,FEMALE,11.jpg,1.jpg,2,2,2,AB,2,1,1.25,3
26,19,HISPANIC,FEMALE,40.jpg,38.jpg,1,1,1,AB,1,1,2.37,3
26,19,HISPANIC,FEMALE,35.jpg,22.jpg,2,2,1,AB,1,1,2.61,3
26,19,HISPANIC,FEMALE,31.jpg,31.jpg,1,2,1,AA,1,1,2.7,1
26,19,HISPANIC,FEMALE,8.jpg,47.jpg,2,2,1,AB,2,0,3.08,2
26,19,HISPANIC,FEMALE,43.jpg,43.jpg,2,1,1,AA,1,1,2.96,2
26,19,HISPANIC,FEMALE,29.jpg,27.jpg,2,1,1,AB,2,0,2.54,2
26,19,HISPANIC,FEMALE,46.jpg,21.jpg,2,1,2,AB,2,1,2.39,3
27,18,BANGLADESHI,FEMALE,30.jpg,30.jpg,1,2,2,AA,2,1,4.9,3
27,18,BANGLADESHI,FEMALE,8.jpg,39.jpg,2,2,2,AB,2,1,2.65,2
27,18,BANGLADESHI,FEMALE,44.jpg,44.jpg,1,2,1,AA,1,1,1.75,3
27,18,BANGLADESHI,FEMALE,24.jpg,24.jpg,2,1,2,AA,2,1,2.12,2
27,18,BANGLADESHI,FEMALE,16.jpg,13.jpg,2,2,1,AB,2,0,4.1,3
27,18,BANGLADESHI,FEMALE,45.jpg,45.jpg,1,2,2,AA,2,1,2.89,2
27,18,BANGLADESHI,FEMALE,26.jpg,26.jpg,2,1,1,AA,1,1,4.77,1
27,18,BANGLADESHI,FEMALE,29.jpg,22.jpg,1,2,1,AB,1,1,2.56,3
27,18,BANGLADESHI,FEMALE,35.jpg,35.jpg,2,1,2,AA,2,1,4.28,1
27,18,BANGLADESHI,FEMALE,32.jpg,9.jpg,1,2,1,AB,2,0,3.48,1
27,18,BANGLADESHI,FEMALE,43.jpg,37.jpg,1,2,2,AB,2,1,3.84,3
27,18,BANGLADESHI,FEMALE,6.jpg,6.jpg,2,1,1,AA,1,1,2.36,3
27,18,BANGLADESHI,FEMALE,3.jpg,2.jpg,1,2,2,AB,1,0,4.93,1
27,18,BANGLADESHI,FEMALE,7.jpg,7.jpg,1,2,1,AA,1,1,4.91,1
27,18,BANGLADESHI,FEMALE,14.jpg,28.jpg,1,1,1,AB,1,1,2.49,3
27,18,BANGLADESHI,FEMALE,42.jpg,42.jpg,1,2,2,AA,1,0,4.47,1
27,18,BANGLADESHI,FEMALE,23.jpg,23.jpg,1,2,2,AA,2,1,1.22,3
27,18,BANGLADESHI,FEMALE,11.jpg,11.jpg,2,1,2,AA,2,1,2.11,3
27,18,BANGLADESHI,FEMALE,40.jpg,15.jpg,2,1,1,AB,1,1,1.8,3
27,18,BANGLADESHI,FEMALE,36.jpg,10.jpg,1,1,2,AB,2,1,2.15,3
27,18,BANGLADESHI,FEMALE,46.jpg,31.jpg,2,2,2,AB,2,1,3.28,2
27,18,BANGLADESHI,FEMALE,12.jpg,21.jpg,1,1,1,AB,1,1,2.69,3
27,18,BANGLADESHI,FEMALE,4.jpg,4.jpg,1,2,1,AA,1,1,2.13,3
27,18,BANGLADESHI,FEMALE,25.jpg,38.jpg,2,1,2,AB,1,0,2.77,1
27,18,BANGLADESHI,FEMALE,27.jpg,48.jpg,1,1,2,AB,2,1,2.43,3
27,18,BANGLADESHI,FEMALE,41.jpg,41.jpg,2,1,1,AA,2,0,3.7,2
27,18,BANGLADESHI,FEMALE,33.jpg,33.jpg,2,1,2,AA,2,1,2.09,3
27,18,BANGLADESHI,FEMALE,20.jpg,20.jpg,1,2,1,AA,2,0,3.24,1
27,18,BANGLADESHI,FEMALE,17.jpg,19.jpg,2,1,1,AB,1,1,2.62,2
27,18,BANGLADESHI,FEMALE,5.jpg,18.jpg,2,2,1,AB,2,0,3.67,1
27,18,BANGLADESHI,FEMALE,1.jpg,34.jpg,2,1,2,AB,2,1,1.95,2
28,21,ASIAN,MALE,2.jpg,13.jpg,1,1,2,AB,2,1,2.21,3
28,21,ASIAN,MALE,3.jpg,3.jpg,2,1,1,AA,2,0,2.08,2
28,21,ASIAN,MALE,11.jpg,11.jpg,2,1,1,AA,1,1,1.99,3
28,21,ASIAN,MALE,26.jpg,26.jpg,2,1,2,AA,2,1,1.82,3
28,21,ASIAN,MALE,9.jpg,31.jpg,1,1,1,AB,1,1,1.23,3
28,21,ASIAN,MALE,16.jpg,16.jpg,1,2,2,AA,1,0,3.66,2
28,21,ASIAN,MALE,1.jpg,21.jpg,1,1,2,AB,2,1,1.07,2
28,21,ASIAN,MALE,33.jpg,33.jpg,2,1,1,AA,1,1,1.03,3
28,21,ASIAN,MALE,32.jpg,44.jpg,2,1,2,AB,2,1,1.2,3
28,21,ASIAN,MALE,43.jpg,43.jpg,1,2,2,AA,2,1,2.22,3
28,21,ASIAN,MALE,39.jpg,39.jpg,1,2,1,AA,2,0,1.6,3
28,21,ASIAN,MALE,17.jpg,45.jpg,2,2,1,AB,1,1,0.58,3
28,21,ASIAN,MALE,15.jpg,15.jpg,1,2,1,AA,1,1,1.18,2
28,21,ASIAN,MALE,37.jpg,28.jpg,1,2,2,AB,2,1,0.68,3
28,21,ASIAN,MALE,42.jpg,38.jpg,1,1,1,AB,1,1,1.16,3
28,21,ASIAN,MALE,25.jpg,14.jpg,1,2,2,AB,1,0,1.24,3
28,21,ASIAN,MALE,5.jpg,29.jpg,2,2,1,AB,2,0,0.77,3
28,21,ASIAN,MALE,35.jpg,12.jpg,1,2,1,AB,2,0,2.67,2
28,21,ASIAN,MALE,48.jpg,48.jpg,2,1,1,AA,1,1,1.55,3
28,21,ASIAN,MALE,27.jpg,27.jpg,1,2,2,AA,2,1,1.5,3
28,21,ASIAN,MALE,30.jpg,30.jpg,2,1,2,AA,2,1,1.68,3
28,21,ASIAN,MALE,23.jpg,23.jpg,1,2,2,AA,2,1,1.49,3
28,21,ASIAN,MALE,19.jpg,47.jpg,2,2,2,AB,2,1,1.12,3
28,21,ASIAN,MALE,7.jpg,18.jpg,2,2,2,AB,2,1,0.86,3
28,21,ASIAN,MALE,46.jpg,46.jpg,2,1,2,AA,1,0,2.83,3
28,21,ASIAN,MALE,20.jpg,40.jpg,1,2,1,AB,1,1,2.91,1
28,21,ASIAN,MALE,24.jpg,41.jpg,2,1,1,AB,2,0,1.28,3
28,21,ASIAN,MALE,8.jpg,4.jpg,2,1,2,AB,2,1,1.75,3
28,21,ASIAN,MALE,22.jpg,22.jpg,1,2,1,AA,1,1,0.86,2
28,21,ASIAN,MALE,34.jpg,34.jpg,2,1,2,AA,1,0,0.86,1
28,21,ASIAN,MALE,6.jpg,6.jpg,1,2,1,AA,1,1,2.58,3
28,21,ASIAN,MALE,36.jpg,10.jpg,2,1,1,AB,2,0,0.66,3
29,20,HISPANIC,FEMALE,33.jpg,33.jpg,2,1,2,AA,2,1,2.19,2
29,20,HISPANIC,FEMALE,18.jpg,18.jpg,2,1,1,AA,2,0,2.65,1
29,20,HISPANIC,FEMALE,5.jpg,20.jpg,2,2,2,AB,2,1,1.87,2
29,20,HISPANIC,FEMALE,23.jpg,23.jpg,1,2,2,AA,2,1,1.23,3
29,20,HISPANIC,FEMALE,27.jpg,35.jpg,2,1,2,AB,2,1,1.29,2
29,20,HISPANIC,FEMALE,7.jpg,16.jpg,1,2,1,AB,1,1,2.45,2
29,20,HISPANIC,FEMALE,40.jpg,40.jpg,1,2,1,AA,1,1,2.79,1
29,20,HISPANIC,FEMALE,37.jpg,37.jpg,1,2,2,AA,2,1,2.34,2
29,20,HISPANIC,FEMALE,1.jpg,31.jpg,1,1,1,AB,2,0,2.18,1
29,20,HISPANIC,FEMALE,47.jpg,25.jpg,1,1,1,AB,1,1,2.58,1
29,20,HISPANIC,FEMALE,28.jpg,11.jpg,1,1,2,AB,2,1,2.71,3
29,20,HISPANIC,FEMALE,43.jpg,43.jpg,1,2,1,AA,1,1,2.68,3
29,20,HISPANIC,FEMALE,42.jpg,6.jpg,2,1,1,AB,1,1,3.81,2
29,20,HISPANIC,FEMALE,13.jpg,13.jpg,2,1,2,AA,2,1,1.87,3
29,20,HISPANIC,FEMALE,9.jpg,22.jpg,1,2,1,AB,1,1,4.26,1
29,20,HISPANIC,FEMALE,15.jpg,15.jpg,2,1,1,AA,1,1,1.62,1
29,20,HISPANIC,FEMALE,29.jpg,29.jpg,2,1,2,AA,2,1,3.15,1
29,20,HISPANIC,FEMALE,44.jpg,17.jpg,2,1,2,AB,1,0,2.14,2
29,20,HISPANIC,FEMALE,4.jpg,38.jpg,2,2,2,AB,2,1,2.63,2
29,20,HISPANIC,FEMALE,3.jpg,46.jpg,2,2,1,AB,1,1,2.19,3
29,20,HISPANIC,FEMALE,36.jpg,48.jpg,2,2,1,AB,1,1,4.23,1
29,20,HISPANIC,FEMALE,30.jpg,30.jpg,2,1,1,AA,1,1,1.71,3
29,20,HISPANIC,FEMALE,10.jpg,10.jpg,2,1,1,AA,1,1,3.64,1
29,20,HISPANIC,FEMALE,8.jpg,8.jpg,1,2,1,AA,1,1,1.65,3
29,20,HISPANIC,FEMALE,32.jpg,34.jpg,1,2,2,AB,2,1,2.82,2
29,20,HISPANIC,FEMALE,14.jpg,21.jpg,2,1,1,AB,1,1,3.35,2
29,20,HISPANIC,FEMALE,12.jpg,39.jpg,1,1,2,AB,2,1,1.5,2
29,20,HISPANIC,FEMALE,2.jpg,2.jpg,1,2,2,AA,2,1,2.07,1
29,20,HISPANIC,FEMALE,24.jpg,24.jpg,2,1,2,AA,2,1,2.73,2
29,20,HISPANIC,FEMALE,19.jpg,19.jpg,1,2,1,AA,1,1,2.11,3
29,20,HISPANIC,FEMALE,26.jpg,45.jpg,1,2,2,AB,2,1,3,3
3,19,TAIWANESE,FEMALE,34.jpg,37.jpg,2,1,2,AB,2,1,2.95,3
3,19,TAIWANESE,FEMALE,1.jpg,1.jpg,1,2,2,AA,2,1,3.42,3
3,19,TAIWANESE,FEMALE,41.jpg,43.jpg,2,1,1,AB,1,1,4.55,2
3,19,TAIWANESE,FEMALE,45.jpg,45.jpg,1,2,2,AA,2,1,3.45,3
3,19,TAIWANESE,FEMALE,5.jpg,13.jpg,1,1,1,AB,1,1,4.4,2
3,19,TAIWANESE,FEMALE,28.jpg,28.jpg,2,1,2,AA,2,1,4.02,3
3,19,TAIWANESE,FEMALE,7.jpg,17.jpg,2,2,1,AB,1,1,5.87,1
3,19,TAIWANESE,FEMALE,25.jpg,25.jpg,1,2,1,AA,1,1,4.06,3
3,19,TAIWANESE,FEMALE,4.jpg,4.jpg,2,1,1,AA,2,0,2.37,1
3,19,TAIWANESE,FEMALE,16.jpg,24.jpg,1,1,2,AB,2,1,1.59,3
3,19,TAIWANESE,FEMALE,3.jpg,11.jpg,2,1,2,AB,1,0,1.74,3
3,19,TAIWANESE,FEMALE,33.jpg,30.jpg,2,2,1,AB,1,1,3.93,2
3,19,TAIWANESE,FEMALE,19.jpg,38.jpg,1,2,2,AB,2,1,3.46,1
3,19,TAIWANESE,FEMALE,6.jpg,47.jpg,1,2,2,AB,2,1,3.03,2
3,19,TAIWANESE,FEMALE,36.jpg,36.jpg,2,1,1,AA,1,1,2.46,2
3,19,TAIWANESE,FEMALE,27.jpg,27.jpg,2,1,1,AA,1,1,2.05,3
3,19,TAIWANESE,FEMALE,12.jpg,29.jpg,1,2,1,AB,1,1,3.99,2
3,19,TAIWANESE,FEMALE,42.jpg,18.jpg,1,2,1,AB,2,0,2.49,1
3,19,TAIWANESE,FEMALE,10.jpg,10.jpg,1,2,1,AA,1,1,1.7,3
3,19,TAIWANESE,FEMALE,46.jpg,46.jpg,1,2,2,AA,2,1,2.15,2
3,19,TAIWANESE,FEMALE,20.jpg,20.jpg,2,1,1,AA,1,1,2.54,1
3,19,TAIWANESE,FEMALE,8.jpg,8.jpg,1,2,1,AA,1,1,2.48,2
3,19,TAIWANESE,FEMALE,15.jpg,35.jpg,2,2,2,AB,2,1,3.17,3
3,19,TAIWANESE,FEMALE,31.jpg,31.jpg,1,2,2,AA,1,0,2.51,1
3,19,TAIWANESE,FEMALE,32.jpg,39.jpg,1,1,1,AB,1,1,2.28,2
3,19,TAIWANESE,FEMALE,44.jpg,44.jpg,2,1,2,AA,2,1,3.32,1
3,19,TAIWANESE,FEMALE,9.jpg,23.jpg,2,1,1,AB,1,1,3.64,2
3,19,TAIWANESE,FEMALE,26.jpg,26.jpg,2,1,2,AA,2,1,3.36,2
3,19,TAIWANESE,FEMALE,14.jpg,14.jpg,2,1,2,AA,2,1,3.2,1
3,19,TAIWANESE,FEMALE,48.jpg,40.jpg,2,2,2,AB,2,1,2.94,1
3,19,TAIWANESE,FEMALE,21.jpg,21.jpg,1,2,1,AA,2,0,4,1
30,20,Mexican,Female,34.jpg,19.jpg,2,2,1,AB,2,0,4.06,2
30,20,Mexican,Female,9.jpg,9.jpg,2,1,2,AA,1,0,2.32,2
30,20,Mexican,Female,25.jpg,38.jpg,2,1,1,AB,1,1,2.78,3
30,20,Mexican,Female,39.jpg,18.jpg,1,2,1,AB,2,0,1.67,1
30,20,Mexican,Female,28.jpg,28.jpg,2,1,1,AA,1,1,2.28,3
30,20,Mexican,Female,1.jpg,46.jpg,2,2,2,AB,1,0,2.55,2
30,20,Mexican,Female,35.jpg,35.jpg,1,2,1,AA,1,1,2.4,2
30,20,Mexican,Female,48.jpg,7.jpg,1,1,1,AB,1,1,2.89,3
30,20,Mexican,Female,24.jpg,37.jpg,2,2,1,AB,1,1,1.95,3
30,20,Mexican,Female,32.jpg,32.jpg,2,1,2,AA,2,1,2.74,1
30,20,Mexican,Female,44.jpg,22.jpg,1,1,2,AB,1,0,2.12,2
30,20,Mexican,Female,20.jpg,20.jpg,1,2,2,AA,1,0,1.58,3
30,20,Mexican,Female,12.jpg,12.jpg,2,1,1,AA,1,1,2.99,3
30,20,Mexican,Female,13.jpg,13.jpg,2,1,2,AA,2,1,2.17,2
30,20,Mexican,Female,14.jpg,31.jpg,2,1,2,AB,1,0,3.72,2
30,20,Mexican,Female,33.jpg,40.jpg,1,2,2,AB,1,0,2.1,3
30,20,Mexican,Female,16.jpg,16.jpg,1,2,1,AA,1,1,2.5,3
30,20,Mexican,Female,5.jpg,8.jpg,2,1,2,AB,2,1,2.29,3
30,20,Mexican,Female,4.jpg,26.jpg,1,1,1,AB,1,1,2.62,3
30,20,Mexican,Female,43.jpg,45.jpg,1,2,2,AB,2,1,3.3,3
30,20,Mexican,Female,41.jpg,41.jpg,2,1,1,AA,1,1,3.07,3
30,20,Mexican,Female,30.jpg,30.jpg,1,2,2,AA,2,1,2.13,3
30,20,Mexican,Female,42.jpg,10.jpg,1,2,1,AB,1,1,2.42,1
30,20,Mexican,Female,21.jpg,21.jpg,2,1,2,AA,2,1,2.65,2
30,20,Mexican,Female,17.jpg,17.jpg,1,2,2,AA,1,0,2.14,1
30,20,Mexican,Female,47.jpg,47.jpg,2,1,1,AA,1,1,2.22,1
30,20,Mexican,Female,36.jpg,3.jpg,2,1,1,AB,1,1,3.33,2
30,20,Mexican,Female,23.jpg,23.jpg,1,2,2,AA,2,1,3.5,3
30,20,Mexican,Female,27.jpg,27.jpg,1,2,1,AA,1,1,3.6,2
30,20,Mexican,Female,15.jpg,15.jpg,1,2,1,AA,1,1,2.11,2
30,20,Mexican,Female,2.jpg,6.jpg,2,2,2,AB,2,1,2.28,2
32,18,MEXICAN,FEMALE,11.jpg,11.jpg,1,2,2,AA,2,1,5.11,2
32,18,MEXICAN,FEMALE,42.jpg,17.jpg,2,1,1,AB,2,0,2.01,2
32,18,MEXICAN,FEMALE,21.jpg,14.jpg,2,1,2,AB,2,1,2.37,2
32,18,MEXICAN,FEMALE,28.jpg,28.jpg,1,2,1,AA,1,1,2.03,3
32,18,MEXICAN,FEMALE,33.jpg,33.jpg,2,1,2,AA,2,1,2.36,2
32,18,MEXICAN,FEMALE,1.jpg,27.jpg,1,2,2,AB,2,1,2.55,2
32,18,MEXICAN,FEMALE,32.jpg,32.jpg,2,1,1,AA,2,0,2.64,2
32,18,MEXICAN,FEMALE,30.jpg,30.jpg,2,1,1,AA,1,1,3.06,2
32,18,MEXICAN,FEMALE,12.jpg,25.jpg,1,1,2,AB,2,1,1.81,3
32,18,MEXICAN,FEMALE,9.jpg,9.jpg,2,1,2,AA,2,1,2.85,3
32,18,MEXICAN,FEMALE,15.jpg,15.jpg,1,2,1,AA,1,1,1.58,3
32,18,MEXICAN,FEMALE,41.jpg,38.jpg,2,1,2,AB,2,1,3.01,2
32,18,MEXICAN,FEMALE,44.jpg,3.jpg,1,2,1,AB,2,0,1.93,1
32,18,MEXICAN,FEMALE,4.jpg,24.jpg,1,1,1,AB,2,0,2.27,3
32,18,MEXICAN,FEMALE,2.jpg,34.jpg,1,2,1,AB,1,1,1.95,2
32,18,MEXICAN,FEMALE,35.jpg,35.jpg,1,2,2,AA,1,0,2.98,1
32,18,MEXICAN,FEMALE,6.jpg,6.jpg,2,1,2,AA,2,1,3.54,1
32,18,MEXICAN,FEMALE,43.jpg,29.jpg,1,2,2,AB,2,1,1.34,3
32,18,MEXICAN,FEMALE,40.jpg,23.jpg,1,1,1,AB,1,1,1.39,3
32,18,MEXICAN,FEMALE,19.jpg,19.jpg,2,1,2,AA,2,1,1.4,3
32,18,MEXICAN,FEMALE,18.jpg,48.jpg,2,2,2,AB,2,1,1.82,3
32,18,MEXICAN,FEMALE,47.jpg,47.jpg,2,1,1,AA,2,0,2.09,3
32,18,MEXICAN,FEMALE,45.jpg,36.jpg,2,1,1,AB,1,1,1.96,3
32,18,MEXICAN,FEMALE,16.jpg,7.jpg,2,2,2,AB,2,1,2.43,2
32,18,MEXICAN,FEMALE,39.jpg,46.jpg,2,2,1,AB,1,1,2.48,1
32,18,MEXICAN,FEMALE,20.jpg,20.jpg,2,1,1,AA,2,0,2.55,1
32,18,MEXICAN,FEMALE,37.jpg,37.jpg,1,2,1,AA,1,1,2.82,1
32,18,MEXICAN,FEMALE,13.jpg,31.jpg,2,2,1,AB,1,1,2.3,3
32,18,MEXICAN,FEMALE,22.jpg,10.jpg,1,1,2,AB,2,1,2.58,2
32,18,MEXICAN,FEMALE,5.jpg,5.jpg,1,2,1,AA,1,1,3.02,2
32,18,MEXICAN,FEMALE,26.jpg,26.jpg,1,2,2,AA,2,1,1.95,3
33,20,Asian,fF,48.jpg,48.jpg,1,2,1,AA,2,0,2.96,1
33,20,Asian,fF,30.jpg,2.jpg,1,2,1,AB,1,1,1.29,3
33,20,Asian,fF,34.jpg,4.jpg,1,2,1,AB,2,0,2.34,3
33,20,Asian,fF,16.jpg,25.jpg,2,2,2,AB,2,1,1.64,3
33,20,Asian,fF,7.jpg,15.jpg,1,2,2,AB,2,1,3.8,2
33,20,Asian,fF,42.jpg,42.jpg,1,2,2,AA,2,1,4.72,2
33,20,Asian,fF,24.jpg,24.jpg,2,1,2,AA,2,1,1.76,2
33,20,Asian,fF,10.jpg,36.jpg,2,1,1,AB,2,0,3.18,1
33,20,Asian,fF,21.jpg,1.jpg,2,2,1,AB,1,1,3.41,1
33,20,Asian,fF,22.jpg,22.jpg,2,1,1,AA,1,1,1.15,3
33,20,Asian,fF,3.jpg,37.jpg,2,2,1,AB,1,1,2.08,3
33,20,Asian,fF,29.jpg,29.jpg,2,1,2,AA,2,1,3,2
33,20,Asian,fF,32.jpg,44.jpg,1,1,1,AB,2,0,3.23,2
33,20,Asian,fF,14.jpg,14.jpg,2,1,2,AA,1,0,4.02,3
33,20,Asian,fF,20.jpg,20.jpg,2,1,1,AA,2,0,2.61,1
33,20,Asian,fF,28.jpg,26.jpg,1,2,2,AB,2,1,1.93,3
33,20,Asian,fF,13.jpg,13.jpg,2,1,1,AA,1,1,2.95,3
33,20,Asian,fF,46.jpg,46.jpg,2,1,1,AA,1,1,3.44,2
33,20,Asian,fF,38.jpg,5.jpg,2,1,2,AB,2,1,1.8,3
33,20,Asian,fF,6.jpg,6.jpg,1,2,1,AA,1,1,2.21,2
33,20,Asian,fF,12.jpg,18.jpg,1,1,2,AB,2,1,2.61,3
33,20,Asian,fF,19.jpg,19.jpg,1,2,1,AA,1,1,1.57,3
33,20,Asian,fF,9.jpg,9.jpg,1,2,1,AA,1,1,1.96,3
33,20,Asian,fF,39.jpg,8.jpg,2,1,1,AB,2,0,2.73,1
33,20,Asian,fF,23.jpg,33.jpg,2,1,2,AB,2,1,3.3,1
33,20,Asian,fF,17.jpg,17.jpg,2,1,2,AA,2,1,2.14,3
33,20,Asian,fF,31.jpg,31.jpg,1,2,2,AA,2,1,2.58,3
33,20,Asian,fF,11.jpg,47.jpg,1,1,1,AB,1,1,1.25,3
33,20,Asian,fF,43.jpg,41.jpg,1,1,2,AB,1,0,1.41,2
33,20,Asian,fF,40.jpg,40.jpg,1,2,2,AA,2,1,1.68,3
33,20,Asian,fF,45.jpg,45.jpg,1,2,2,AA,2,1,2.43,3
33,20,Asian,fF,27.jpg,35.jpg,2,2,2,AB,2,1,3.39,2
34,18,KOREAN,FEMALE,11.jpg,11.jpg,2,1,2,AA,1,0,4.32,2
34,18,KOREAN,FEMALE,21.jpg,23.jpg,1,2,1,AB,1,1,2.35,3
34,18,KOREAN,FEMALE,2.jpg,2.jpg,2,1,2,AA,2,1,2.83,3
34,18,KOREAN,FEMALE,36.jpg,36.jpg,1,2,2,AA,2,1,2.52,3
34,18,KOREAN,FEMALE,10.jpg,16.jpg,2,1,1,AB,1,1,2.47,3
34,18,KOREAN,FEMALE,30.jpg,40.jpg,1,1,2,AB,2,1,1.71,3
34,18,KOREAN,FEMALE,31.jpg,31.jpg,1,2,2,AA,2,1,1.33,3
34,18,KOREAN,FEMALE,4.jpg,4.jpg,1,2,2,AA,1,0,2.45,2
34,18,KOREAN,FEMALE,19.jpg,19.jpg,1,2,1,AA,1,1,1.9,3
34,18,KOREAN,FEMALE,35.jpg,35.jpg,1,2,1,AA,2,0,1.92,2
34,18,KOREAN,FEMALE,46.jpg,12.jpg,1,2,1,AB,2,0,2.88,1
34,18,KOREAN,FEMALE,17.jpg,17.jpg,1,2,1,AA,1,1,2.95,1
34,18,KOREAN,FEMALE,25.jpg,25.jpg,1,2,2,AA,2,1,2.98,2
34,18,KOREAN,FEMALE,48.jpg,48.jpg,2,1,2,AA,2,1,2.87,1
34,18,KOREAN,FEMALE,26.jpg,26.jpg,1,2,1,AA,1,1,3.76,3
34,18,KOREAN,FEMALE,15.jpg,15.jpg,2,1,1,AA,1,1,1.33,3
34,18,KOREAN,FEMALE,45.jpg,42.jpg,1,2,2,AB,2,1,2.86,2
34,18,KOREAN,FEMALE,29.jpg,39.jpg,1,1,1,AB,1,1,2.06,3
34,18,KOREAN,FEMALE,38.jpg,8.jpg,2,2,1,AB,1,1,1.73,3
34,18,KOREAN,FEMALE,37.jpg,41.jpg,2,1,2,AB,1,0,3.55,2
34,18,KOREAN,FEMALE,9.jpg,7.jpg,2,2,2,AB,2,1,3.74,2
34,18,KOREAN,FEMALE,20.jpg,27.jpg,1,1,2,AB,2,1,4.44,2
34,18,KOREAN,FEMALE,13.jpg,43.jpg,1,1,1,AB,1,1,2.9,3
34,18,KOREAN,FEMALE,22.jpg,1.jpg,2,1,1,AB,1,1,3.13,3
34,18,KOREAN,FEMALE,34.jpg,34.jpg,2,1,1,AA,1,1,3.29,3
34,18,KOREAN,FEMALE,33.jpg,33.jpg,2,1,2,AA,2,1,2.01,3
34,18,KOREAN,FEMALE,5.jpg,6.jpg,2,1,2,AB,1,0,2.36,2
34,18,KOREAN,FEMALE,47.jpg,14.jpg,1,2,2,AB,2,1,3.86,2
34,18,KOREAN,FEMALE,18.jpg,18.jpg,2,1,1,AA,1,1,2.14,2
34,18,KOREAN,FEMALE,24.jpg,3.jpg,2,2,2,AB,1,0,3.55,1
34,18,KOREAN,FEMALE,32.jpg,28.jpg,2,2,1,AB,1,1,2.22,2
35,18,Hispanic,female,13.jpg,13.jpg,1,2,1,AA,1,1,4.61,2
35,18,Hispanic,female,4.jpg,41.jpg,2,1,2,AB,2,1,1.45,3
35,18,Hispanic,female,31.jpg,31.jpg,2,1,2,AA,2,1,2.27,3
35,18,Hispanic,female,29.jpg,29.jpg,1,2,2,AA,2,1,2.65,3
35,18,Hispanic,female,28.jpg,28.jpg,1,2,2,AA,2,1,2.03,3
35,18,Hispanic,female,10.jpg,26.jpg,2,2,1,AB,1,1,1.25,2
35,18,Hispanic,female,43.jpg,43.jpg,2,1,2,AA,1,0,2.83,1
35,18,Hispanic,female,2.jpg,9.jpg,2,1,1,AB,1,1,5.85,3
35,18,Hispanic,female,15.jpg,23.jpg,2,2,2,AB,2,1,1.59,3
35,18,Hispanic,female,30.jpg,30.jpg,1,2,2,AA,1,0,1.62,3
35,18,Hispanic,female,46.jpg,46.jpg,2,1,1,AA,1,1,2.1,2
35,18,Hispanic,female,27.jpg,21.jpg,1,1,1,AB,2,0,3.12,2
35,18,Hispanic,female,16.jpg,20.jpg,1,1,1,AB,1,1,2.98,3
35,18,Hispanic,female,37.jpg,47.jpg,2,2,2,AB,2,1,3.51,2
35,18,Hispanic,female,14.jpg,14.jpg,1,2,2,AA,2,1,2.97,3
35,18,Hispanic,female,6.jpg,36.jpg,1,2,2,AB,2,1,1.43,3
35,18,Hispanic,female,42.jpg,42.jpg,2,1,2,AA,1,0,4.63,2
35,18,Hispanic,female,18.jpg,19.jpg,1,2,1,AB,1,1,2.65,3
35,18,Hispanic,female,5.jpg,38.jpg,2,1,2,AB,2,1,1.66,3
35,18,Hispanic,female,7.jpg,7.jpg,1,2,1,AA,2,0,5.23,2
35,18,Hispanic,female,48.jpg,48.jpg,2,1,1,AA,1,1,2.83,3
35,18,Hispanic,female,32.jpg,32.jpg,2,1,2,AA,2,1,3.51,2
35,18,Hispanic,female,22.jpg,12.jpg,2,1,1,AB,2,0,3.09,3
35,18,Hispanic,female,45.jpg,45.jpg,1,2,1,AA,1,1,4.39,3
35,18,Hispanic,female,39.jpg,3.jpg,1,2,2,AB,1,0,2.7,3
35,18,Hispanic,female,44.jpg,34.jpg,1,1,2,AB,2,1,2.29,3
35,18,Hispanic,female,11.jpg,40.jpg,1,1,2,AB,2,1,1.54,3
35,18,Hispanic,female,33.jpg,25.jpg,2,2,1,AB,1,1,3.27,2
36,20,VIETNAMESE,FEMALE,3.jpg,3.jpg,2,1,1,AA,1,1,3.43,3
36,20,VIETNAMESE,FEMALE,12.jpg,6.jpg,1,2,1,AB,1,1,5.49,2
36,20,VIETNAMESE,FEMALE,43.jpg,43.jpg,2,1,2,AA,2,1,2.75,3
36,20,VIETNAMESE,FEMALE,34.jpg,4.jpg,1,2,2,AB,2,1,3.38,2
36,20,VIETNAMESE,FEMALE,38.jpg,38.jpg,2,1,2,AA,2,1,3.26,3
36,20,VIETNAMESE,FEMALE,39.jpg,39.jpg,2,1,2,AA,2,1,5.63,1
36,20,VIETNAMESE,FEMALE,5.jpg,5.jpg,1,2,2,AA,2,1,4.77,1
36,20,VIETNAMESE,FEMALE,41.jpg,22.jpg,2,1,2,AB,2,1,3.3,3
36,20,VIETNAMESE,FEMALE,32.jpg,32.jpg,2,1,2,AA,2,1,1.31,3
36,20,VIETNAMESE,FEMALE,15.jpg,15.jpg,1,2,1,AA,1,1,2.08,3
36,20,VIETNAMESE,FEMALE,17.jpg,48.jpg,2,1,1,AB,1,1,1.72,2
36,20,VIETNAMESE,FEMALE,18.jpg,18.jpg,1,2,2,AA,2,1,2.41,3
36,20,VIETNAMESE,FEMALE,24.jpg,28.jpg,1,1,1,AB,1,1,2.94,3
36,20,VIETNAMESE,FEMALE,8.jpg,37.jpg,2,2,2,AB,2,1,2,2
36,20,VIETNAMESE,FEMALE,23.jpg,23.jpg,2,1,1,AA,1,1,1.14,3
36,20,VIETNAMESE,FEMALE,16.jpg,16.jpg,1,2,1,AA,1,1,1.44,3
36,20,VIETNAMESE,FEMALE,2.jpg,47.jpg,1,1,2,AB,2,1,1.62,3
36,20,VIETNAMESE,FEMALE,9.jpg,29.jpg,2,2,2,AB,2,1,2.18,2
36,20,VIETNAMESE,FEMALE,1.jpg,1.jpg,1,2,1,AA,1,1,2.24,2
36,20,VIETNAMESE,FEMALE,10.jpg,10.jpg,2,1,1,AA,1,1,1.15,3
36,20,VIETNAMESE,FEMALE,33.jpg,31.jpg,2,2,1,AB,1,1,1.63,3
36,20,VIETNAMESE,FEMALE,30.jpg,25.jpg,2,2,1,AB,1,1,2.13,3
36,20,VIETNAMESE,FEMALE,11.jpg,11.jpg,1,2,2,AA,2,1,1.84,3
36,20,VIETNAMESE,FEMALE,42.jpg,26.jpg,1,2,1,AB,1,1,2.15,3
36,20,VIETNAMESE,FEMALE,40.jpg,40.jpg,1,2,2,AA,1,0,2.21,3
36,20,VIETNAMESE,FEMALE,20.jpg,19.jpg,1,1,1,AB,1,1,2.47,3
36,20,VIETNAMESE,FEMALE,21.jpg,46.jpg,2,1,1,AB,1,1,2.88,2
36,20,VIETNAMESE,FEMALE,36.jpg,45.jpg,2,1,2,AB,2,1,1.55,3
36,20,VIETNAMESE,FEMALE,27.jpg,27.jpg,1,2,1,AA,1,1,1.46,3
36,20,VIETNAMESE,FEMALE,14.jpg,35.jpg,1,2,2,AB,2,1,2.8,2
36,20,VIETNAMESE,FEMALE,7.jpg,13.jpg,1,1,2,AB,2,1,2.99,3
37,20,Egyptian,Female,1.jpg,1.jpg,2,1,1,AA,1,1,1.72,1
37,20,Egyptian,Female,37.jpg,14.jpg,1,2,1,AB,2,0,2.07,2
37,20,Egyptian,Female,39.jpg,41.jpg,2,2,1,AB,1,1,2.02,1
37,20,Egyptian,Female,15.jpg,42.jpg,1,2,2,AB,2,1,1.62,3
37,20,Egyptian,Female,20.jpg,25.jpg,2,1,1,AB,1,1,1.35,3
37,20,Egyptian,Female,48.jpg,32.jpg,1,1,2,AB,1,0,2.1,1
37,20,Egyptian,Female,47.jpg,26.jpg,2,2,2,AB,2,1,2.33,2
37,20,Egyptian,Female,13.jpg,13.jpg,1,2,1,AA,2,0,2.86,2
37,20,Egyptian,Female,43.jpg,43.jpg,2,1,2,AA,1,0,2.72,2
37,20,Egyptian,Female,8.jpg,8.jpg,2,1,2,AA,2,1,2.66,1
37,20,Egyptian,Female,30.jpg,28.jpg,1,2,1,AB,1,1,2.58,3
37,20,Egyptian,Female,11.jpg,11.jpg,2,1,2,AA,2,1,1.93,1
37,20,Egyptian,Female,45.jpg,34.jpg,2,1,1,AB,1,1,1.56,3
37,20,Egyptian,Female,27.jpg,27.jpg,1,2,1,AA,1,1,2.62,3
37,20,Egyptian,Female,46.jpg,12.jpg,1,1,2,AB,2,1,2.25,2
37,20,Egyptian,Female,3.jpg,31.jpg,2,2,2,AB,2,1,1.75,3
37,20,Egyptian,Female,33.jpg,33.jpg,1,2,2,AA,1,0,2.66,1
37,20,Egyptian,Female,24.jpg,24.jpg,2,1,1,AA,1,1,1.71,3
37,20,Egyptian,Female,2.jpg,2.jpg,1,2,2,AA,2,1,2.23,3
37,20,Egyptian,Female,38.jpg,44.jpg,2,1,2,AB,1,0,2.62,1
37,20,Egyptian,Female,17.jpg,40.jpg,1,2,2,AB,2,1,3.73,1
37,20,Egyptian,Female,35.jpg,35.jpg,2,1,1,AA,1,1,2.7,2
37,20,Egyptian,Female,29.jpg,29.jpg,1,2,2,AA,2,1,2.11,3
37,20,Egyptian,Female,9.jpg,5.jpg,1,1,1,AB,1,1,2.51,2
37,20,Egyptian,Female,23.jpg,18.jpg,2,1,2,AB,2,1,1.69,2
37,20,Egyptian,Female,10.jpg,10.jpg,2,1,2,AA,2,1,2.77,1
37,20,Egyptian,Female,7.jpg,7.jpg,1,2,2,AA,2,1,2.91,1
37,20,Egyptian,Female,19.jpg,36.jpg,1,1,1,AB,1,1,2.34,2
37,20,Egyptian,Female,16.jpg,16.jpg,1,2,1,AA,2,0,3,1
37,20,Egyptian,Female,22.jpg,4.jpg,2,2,1,AB,1,1,2.1,3
37,20,Egyptian,Female,21.jpg,21.jpg,1,2,1,AA,1,1,2.58,3
38,19,LATINO,female,26.jpg,26.jpg,2,1,2,AA,2,1,2.34,3
38,19,LATINO,female,37.jpg,28.jpg,2,1,2,AB,1,0,3.2,2
38,19,LATINO,female,45.jpg,45.jpg,2,1,2,AA,2,1,1.7,3
38,19,LATINO,female,25.jpg,19.jpg,2,2,2,AB,1,0,1.09,3
38,19,LATINO,female,17.jpg,17.jpg,2,1,1,AA,2,0,4.09,1
38,19,LATINO,female,38.jpg,38.jpg,1,2,1,AA,1,1,2.66,3
38,19,LATINO,female,20.jpg,35.jpg,1,2,1,AB,1,1,2.13,3
38,19,LATINO,female,21.jpg,8.jpg,2,2,1,AB,1,1,3.28,1
38,19,LATINO,female,13.jpg,13.jpg,2,1,2,AA,2,1,2,3
38,19,LATINO,female,23.jpg,23.jpg,1,2,1,AA,1,1,1.45,3
38,19,LATINO,female,7.jpg,7.jpg,1,2,1,AA,2,0,3.07,2
38,19,LATINO,female,18.jpg,18.jpg,1,2,2,AA,2,1,2.63,1
38,19,LATINO,female,15.jpg,15.jpg,2,1,1,AA,1,1,1.24,3
38,19,LATINO,female,10.jpg,33.jpg,1,2,2,AB,2,1,3.28,3
38,19,LATINO,female,5.jpg,48.jpg,2,1,1,AB,1,1,2.26,3
38,19,LATINO,female,47.jpg,40.jpg,1,1,1,AB,1,1,3.95,1
38,19,LATINO,female,41.jpg,34.jpg,2,1,1,AB,1,1,1.45,3
38,19,LATINO,female,42.jpg,42.jpg,1,2,2,AA,2,1,2.44,3
38,19,LATINO,female,46.jpg,46.jpg,2,1,1,AA,1,1,3.67,2
38,19,LATINO,female,6.jpg,2.jpg,2,1,2,AB,1,0,2.07,3
38,19,LATINO,female,30.jpg,30.jpg,2,1,2,AA,2,1,1.35,2
38,19,LATINO,female,11.jpg,11.jpg,1,2,2,AA,2,1,1.69,3
38,19,LATINO,female,27.jpg,4.jpg,2,2,2,AB,2,1,1,3
38,19,LATINO,female,36.jpg,29.jpg,1,1,2,AB,1,0,2.5,2
38,19,LATINO,female,16.jpg,22.jpg,1,1,2,AB,2,1,2.12,3
38,19,LATINO,female,9.jpg,9.jpg,1,2,1,AA,1,1,1.59,3
38,19,LATINO,female,24.jpg,24.jpg,2,1,1,AA,1,1,3.03,2
38,19,LATINO,female,39.jpg,14.jpg,1,2,1,AB,2,0,3.96,1
38,19,LATINO,female,44.jpg,44.jpg,1,2,2,AA,2,1,3.14,2
38,19,LATINO,female,12.jpg,1.jpg,1,2,2,AB,2,1,1.54,3
38,19,LATINO,female,31.jpg,3.jpg,2,2,1,AB,2,0,1.4,3
38,19,LATINO,female,32.jpg,43.jpg,1,1,1,AB,1,1,2.88,2
4,21,hispanic,female,8.jpg,8.jpg,2,1,1,AA,1,1,4.34,2
4,21,hispanic,female,28.jpg,46.jpg,2,2,1,AB,2,0,4.68,1
4,21,hispanic,female,44.jpg,6.jpg,2,2,1,AB,1,1,5.01,2
4,21,hispanic,female,13.jpg,23.jpg,1,1,1,AB,1,1,4.7,3
4,21,hispanic,female,33.jpg,14.jpg,2,2,2,AB,1,0,2.9,2
4,21,hispanic,female,32.jpg,22.jpg,2,1,2,AB,1,0,2.78,1
4,21,hispanic,female,42.jpg,35.jpg,2,2,2,AB,2,1,3.16,1
4,21,hispanic,female,31.jpg,31.jpg,1,2,1,AA,2,0,3.29,1
4,21,hispanic,female,9.jpg,20.jpg,1,2,1,AB,1,1,3.59,1
4,21,hispanic,female,18.jpg,11.jpg,1,2,1,AB,2,0,3.01,1
4,21,hispanic,female,45.jpg,45.jpg,2,1,2,AA,2,1,3.22,1
4,21,hispanic,female,36.jpg,17.jpg,1,1,1,AB,1,1,3.27,2
4,21,hispanic,female,29.jpg,12.jpg,1,1,2,AB,1,0,4.05,1
4,21,hispanic,female,10.jpg,10.jpg,2,1,2,AA,2,1,2.32,2
4,21,hispanic,female,1.jpg,1.jpg,2,1,1,AA,1,1,2.22,2
4,21,hispanic,female,16.jpg,47.jpg,2,1,1,AB,1,1,2.8,2
4,21,hispanic,female,24.jpg,24.jpg,1,2,1,AA,1,1,2.93,1
4,21,hispanic,female,25.jpg,25.jpg,2,1,2,AA,2,1,3.4,1
4,21,hispanic,female,39.jpg,39.jpg,1,2,2,AA,2,1,3.32,1
4,21,hispanic,female,30.jpg,30.jpg,1,2,1,AA,1,1,2.46,2
4,21,hispanic,female,27.jpg,27.jpg,2,1,1,AA,1,1,1.93,1
4,21,hispanic,female,43.jpg,26.jpg,2,1,2,AB,1,0,3.44,2
4,21,hispanic,female,3.jpg,34.jpg,1,1,2,AB,2,1,3.52,1
4,21,hispanic,female,38.jpg,19.jpg,1,2,2,AB,2,1,3.35,2
4,21,hispanic,female,37.jpg,37.jpg,2,1,1,AA,1,1,1.99,2
4,21,hispanic,female,5.jpg,5.jpg,1,2,2,AA,2,1,2.9,1
4,21,hispanic,female,7.jpg,41.jpg,2,1,1,AB,1,1,2.31,2
4,21,hispanic,female,15.jpg,15.jpg,1,2,2,AA,2,1,3.15,1
4,21,hispanic,female,4.jpg,4.jpg,2,1,2,AA,2,1,3.82,1
4,21,hispanic,female,48.jpg,40.jpg,1,2,2,AB,2,1,3.59,1
4,21,hispanic,female,2.jpg,2.jpg,1,2,1,AA,1,1,2.78,2
40,19,CAUCASIAN/HISPANIC,FEMALE,6.jpg,6.jpg,1,2,2,AA,1,0,3.18,2
40,19,CAUCASIAN/HISPANIC,FEMALE,46.jpg,45.jpg,2,1,2,AB,1,0,2.53,2
40,19,CAUCASIAN/HISPANIC,FEMALE,38.jpg,39.jpg,2,1,1,AB,1,1,1.73,2
40,19,CAUCASIAN/HISPANIC,FEMALE,2.jpg,2.jpg,2,1,2,AA,2,1,5.78,2
40,19,CAUCASIAN/HISPANIC,FEMALE,15.jpg,15.jpg,1,2,2,AA,2,1,3.5,1
40,19,CAUCASIAN/HISPANIC,FEMALE,42.jpg,25.jpg,2,2,2,AB,2,1,2.09,3
40,19,CAUCASIAN/HISPANIC,FEMALE,11.jpg,11.jpg,1,2,2,AA,2,1,2.58,2
40,19,CAUCASIAN/HISPANIC,FEMALE,13.jpg,48.jpg,1,2,1,AB,2,0,5.98,1
40,19,CAUCASIAN/HISPANIC,FEMALE,23.jpg,23.jpg,1,2,2,AA,2,1,1.71,3
40,19,CAUCASIAN/HISPANIC,FEMALE,32.jpg,20.jpg,2,1,1,AB,1,1,1.96,3
40,19,CAUCASIAN/HISPANIC,FEMALE,30.jpg,30.jpg,1,2,1,AA,2,0,4.58,1
40,19,CAUCASIAN/HISPANIC,FEMALE,16.jpg,35.jpg,1,1,2,AB,2,1,5.43,2
40,19,CAUCASIAN/HISPANIC,FEMALE,7.jpg,7.jpg,1,2,1,AA,1,1,4.37,1
40,19,CAUCASIAN/HISPANIC,FEMALE,44.jpg,33.jpg,2,1,2,AB,1,0,2.78,2
40,19,CAUCASIAN/HISPANIC,FEMALE,19.jpg,19.jpg,2,1,1,AA,1,1,2.47,2
40,19,CAUCASIAN/HISPANIC,FEMALE,18.jpg,9.jpg,2,2,1,AB,2,0,4.42,2
40,19,CAUCASIAN/HISPANIC,FEMALE,31.jpg,40.jpg,1,2,1,AB,1,1,2.2,2
40,19,CAUCASIAN/HISPANIC,FEMALE,47.jpg,47.jpg,2,1,2,AA,2,1,2.91,2
40,19,CAUCASIAN/HISPANIC,FEMALE,24.jpg,4.jpg,2,2,2,AB,1,0,4.57,2
40,19,CAUCASIAN/HISPANIC,FEMALE,12.jpg,8.jpg,1,1,1,AB,1,1,1.61,3
40,19,CAUCASIAN/HISPANIC,FEMALE,1.jpg,1.jpg,2,1,2,AA,1,0,3.49,2
40,19,CAUCASIAN/HISPANIC,FEMALE,43.jpg,43.jpg,1,2,1,AA,1,1,3.69,3
40,19,CAUCASIAN/HISPANIC,FEMALE,5.jpg,5.jpg,2,1,1,AA,1,1,2.16,3
40,19,CAUCASIAN/HISPANIC,FEMALE,17.jpg,37.jpg,1,2,2,AB,2,1,2.92,3
40,19,CAUCASIAN/HISPANIC,FEMALE,3.jpg,14.jpg,1,1,1,AB,1,1,3.39,3
40,19,CAUCASIAN/HISPANIC,FEMALE,27.jpg,36.jpg,1,2,2,AB,1,0,1.06,3
40,19,CAUCASIAN/HISPANIC,FEMALE,28.jpg,28.jpg,2,1,1,AA,1,1,3.52,3
40,19,CAUCASIAN/HISPANIC,FEMALE,10.jpg,29.jpg,1,1,2,AB,2,1,4.26,2
40,19,CAUCASIAN/HISPANIC,FEMALE,21.jpg,21.jpg,2,1,1,AA,1,1,3.52,1
40,19,CAUCASIAN/HISPANIC,FEMALE,34.jpg,34.jpg,2,1,2,AA,1,0,2.66,1
41,19,CHINESE,female,31.jpg,31.jpg,1,2,1,AA,1,1,2.34,2
41,19,CHINESE,female,2.jpg,14.jpg,1,1,1,AB,1,1,4.28,2
41,19,CHINESE,female,6.jpg,36.jpg,2,1,2,AB,2,1,2.96,3
41,19,CHINESE,female,15.jpg,37.jpg,1,1,2,AB,2,1,2.38,3
41,19,CHINESE,female,35.jpg,13.jpg,2,2,2,AB,1,0,2.92,2
41,19,CHINESE,female,17.jpg,17.jpg,2,1,2,AA,2,1,3.04,2
41,19,CHINESE,female,29.jpg,29.jpg,1,2,1,AA,1,1,2.98,1
41,19,CHINESE,female,12.jpg,12.jpg,2,1,2,AA,1,0,2.8,3
41,19,CHINESE,female,21.jpg,27.jpg,2,1,2,AB,2,1,4.94,2
41,19,CHINESE,female,32.jpg,32.jpg,1,2,1,AA,2,0,2.9,1
41,19,CHINESE,female,40.jpg,41.jpg,2,2,1,AB,1,1,2.14,3
41,19,CHINESE,female,10.jpg,10.jpg,2,1,1,AA,1,1,1.39,3
41,19,CHINESE,female,1.jpg,1.jpg,2,1,2,AA,2,1,4.06,2
41,19,CHINESE,female,11.jpg,20.jpg,2,1,1,AB,1,1,2.07,3
41,19,CHINESE,female,18.jpg,33.jpg,2,1,1,AB,1,1,2.87,3
41,19,CHINESE,female,47.jpg,47.jpg,1,2,2,AA,1,0,2.45,2
41,19,CHINESE,female,44.jpg,30.jpg,1,2,1,AB,2,0,1.81,2
41,19,CHINESE,female,42.jpg,48.jpg,1,1,1,AB,1,1,2.86,3
41,19,CHINESE,female,8.jpg,8.jpg,2,1,1,AA,1,1,2.71,3
41,19,CHINESE,female,7.jpg,7.jpg,1,2,1,AA,2,0,4.8,2
41,19,CHINESE,female,5.jpg,34.jpg,2,2,2,AB,2,1,3.14,3
41,19,CHINESE,female,4.jpg,4.jpg,2,1,1,AA,1,1,2.9,3
41,19,CHINESE,female,16.jpg,16.jpg,2,1,2,AA,2,1,3.4,3
41,19,CHINESE,female,24.jpg,43.jpg,1,1,2,AB,2,1,2.06,2
41,19,CHINESE,female,23.jpg,23.jpg,1,2,2,AA,2,1,3.45,3
41,19,CHINESE,female,38.jpg,38.jpg,1,2,2,AA,2,1,2.47,3
41,19,CHINESE,female,28.jpg,28.jpg,1,2,2,AA,1,0,4.11,2
41,19,CHINESE,female,25.jpg,46.jpg,1,2,2,AB,2,1,2.38,3
41,19,CHINESE,female,45.jpg,45.jpg,2,1,1,AA,1,1,1.77,3
41,19,CHINESE,female,19.jpg,39.jpg,1,2,2,AB,2,1,1.68,3
41,19,CHINESE,female,3.jpg,26.jpg,2,2,1,AB,1,1,2.39,3
41,19,CHINESE,female,22.jpg,9.jpg,1,2,1,AB,2,0,3.37,2
42,19,Chinese,Female,13.jpg,13.jpg,1,2,2,AA,2,1,2.9,3
42,19,Chinese,Female,34.jpg,32.jpg,1,2,1,AB,2,0,3.56,2
42,19,Chinese,Female,24.jpg,24.jpg,2,1,1,AA,1,1,3.49,2
42,19,Chinese,Female,36.jpg,36.jpg,1,2,1,AA,1,1,3.15,3
42,19,Chinese,Female,21.jpg,41.jpg,1,2,2,AB,2,1,4.25,2
42,19,Chinese,Female,46.jpg,11.jpg,2,2,2,AB,1,0,2.42,3
42,19,Chinese,Female,19.jpg,19.jpg,2,1,1,AA,1,1,2.83,3
42,19,Chinese,Female,16.jpg,42.jpg,1,1,2,AB,2,1,1.66,2
42,19,Chinese,Female,29.jpg,9.jpg,2,2,1,AB,1,1,1.97,3
42,19,Chinese,Female,5.jpg,5.jpg,1,2,1,AA,1,1,1.65,3
42,19,Chinese,Female,18.jpg,47.jpg,1,1,2,AB,2,1,2.27,2
42,19,Chinese,Female,1.jpg,1.jpg,2,1,2,AA,2,1,2.71,2
42,19,Chinese,Female,25.jpg,20.jpg,2,2,2,AB,2,1,2.26,2
42,19,Chinese,Female,33.jpg,33.jpg,1,2,2,AA,1,0,2.03,3
42,19,Chinese,Female,12.jpg,12.jpg,2,1,1,AA,2,0,2.48,2
42,19,Chinese,Female,7.jpg,30.jpg,2,1,1,AB,1,1,2.39,2
42,19,Chinese,Female,17.jpg,17.jpg,1,2,2,AA,2,1,2.42,2
42,19,Chinese,Female,23.jpg,23.jpg,2,1,2,AA,2,1,3.03,3
42,19,Chinese,Female,39.jpg,39.jpg,1,2,2,AA,2,1,2.19,3
42,19,Chinese,Female,8.jpg,22.jpg,1,1,1,AB,1,1,2.32,3
42,19,Chinese,Female,2.jpg,15.jpg,1,2,2,AB,2,1,3.06,3
42,19,Chinese,Female,45.jpg,45.jpg,1,2,1,AA,1,1,2.12,2
42,19,Chinese,Female,40.jpg,37.jpg,2,1,2,AB,1,0,2.4,2
42,19,Chinese,Female,38.jpg,38.jpg,1,2,1,AA,2,0,1.72,1
42,19,Chinese,Female,31.jpg,31.jpg,2,1,1,AA,1,1,1.43,3
42,19,Chinese,Female,28.jpg,28.jpg,2,1,2,AA,2,1,1.29,3
42,19,Chinese,Female,35.jpg,43.jpg,1,2,1,AB,1,1,2.8,3
42,19,Chinese,Female,3.jpg,4.jpg,2,1,2,AB,2,1,2.52,2
42,19,Chinese,Female,26.jpg,10.jpg,2,1,1,AB,1,1,1.91,2
42,19,Chinese,Female,44.jpg,6.jpg,1,1,1,AB,2,0,2.11,3
42,19,Chinese,Female,14.jpg,14.jpg,2,1,2,AA,1,0,2.32,2
43,19,HISPANIC,FEMALE,31.jpg,29.jpg,1,1,1,AB,1,1,3.97,2
43,19,HISPANIC,FEMALE,20.jpg,20.jpg,1,2,1,AA,2,0,4.92,2
43,19,HISPANIC,FEMALE,15.jpg,15.jpg,2,1,2,AA,2,1,2.34,3
43,19,HISPANIC,FEMALE,34.jpg,34.jpg,1,2,2,AA,2,1,3.59,3
43,19,HISPANIC,FEMALE,46.jpg,8.jpg,2,1,2,AB,2,1,2.64,3
43,19,HISPANIC,FEMALE,42.jpg,19.jpg,1,2,2,AB,2,1,5.58,2
43,19,HISPANIC,FEMALE,38.jpg,43.jpg,2,2,2,AB,1,0,3.35,3
43,19,HISPANIC,FEMALE,48.jpg,48.jpg,1,2,1,AA,1,1,4.58,1
43,19,HISPANIC,FEMALE,28.jpg,3.jpg,2,1,1,AB,2,0,2.71,2
43,19,HISPANIC,FEMALE,14.jpg,33.jpg,2,1,1,AB,1,1,3.64,2
43,19,HISPANIC,FEMALE,39.jpg,27.jpg,1,1,2,AB,1,0,2.18,3
43,19,HISPANIC,FEMALE,47.jpg,47.jpg,1,2,1,AA,1,1,4.38,1
43,19,HISPANIC,FEMALE,7.jpg,7.jpg,1,2,2,AA,2,1,3.71,3
43,19,HISPANIC,FEMALE,41.jpg,41.jpg,1,2,2,AA,1,0,4.2,3
43,19,HISPANIC,FEMALE,10.jpg,10.jpg,2,1,2,AA,1,0,4.75,1
43,19,HISPANIC,FEMALE,2.jpg,2.jpg,2,1,1,AA,1,1,3.57,3
43,19,HISPANIC,FEMALE,13.jpg,30.jpg,2,2,1,AB,1,1,2.13,3
43,19,HISPANIC,FEMALE,37.jpg,11.jpg,1,2,1,AB,1,1,3.08,2
43,19,HISPANIC,FEMALE,21.jpg,45.jpg,2,2,1,AB,1,1,4.45,2
43,19,HISPANIC,FEMALE,35.jpg,35.jpg,2,1,2,AA,2,1,3.43,3
43,19,HISPANIC,FEMALE,24.jpg,24.jpg,2,1,1,AA,1,1,5.7,1
43,19,HISPANIC,FEMALE,22.jpg,26.jpg,2,1,2,AB,2,1,3.97,3
43,19,HISPANIC,FEMALE,9.jpg,9.jpg,2,1,1,AA,1,1,2.23,3
43,19,HISPANIC,FEMALE,16.jpg,16.jpg,1,2,2,AA,2,1,2.4,3
43,19,HISPANIC,FEMALE,44.jpg,44.jpg,1,2,1,AA,1,1,3.21,3
43,19,HISPANIC,FEMALE,12.jpg,36.jpg,1,2,2,AB,1,0,1.93,3
43,19,HISPANIC,FEMALE,18.jpg,4.jpg,1,1,1,AB,2,0,4.05,1
43,19,HISPANIC,FEMALE,25.jpg,40.jpg,1,1,2,AB,2,1,1.78,3
43,19,HISPANIC,FEMALE,32.jpg,32.jpg,2,1,1,AA,1,1,3.03,1
43,19,HISPANIC,FEMALE,5.jpg,5.jpg,2,1,2,AA,2,1,2.45,3
44,19,ASIAN,MALE,44.jpg,34.jpg,2,1,2,AB,1,0,3.29,2
44,19,ASIAN,MALE,13.jpg,45.jpg,1,1,1,AB,1,1,2.03,3
44,19,ASIAN,MALE,32.jpg,47.jpg,2,2,2,AB,1,0,2.44,2
44,19,ASIAN,MALE,15.jpg,15.jpg,1,2,2,AA,2,1,3.18,1
44,19,ASIAN,MALE,33.jpg,37.jpg,2,1,1,AB,1,1,2.29,3
44,19,ASIAN,MALE,4.jpg,43.jpg,1,2,2,AB,2,1,3.99,2
44,19,ASIAN,MALE,1.jpg,1.jpg,2,1,2,AA,2,1,5.48,2
44,19,ASIAN,MALE,19.jpg,19.jpg,1,2,1,AA,1,1,1.37,3
44,19,ASIAN,MALE,12.jpg,39.jpg,2,1,2,AB,2,1,1.95,3
44,19,ASIAN,MALE,36.jpg,10.jpg,2,2,2,AB,2,1,1.93,3
44,19,ASIAN,MALE,6.jpg,6.jpg,2,1,1,AA,1,1,3.24,2
44,19,ASIAN,MALE,23.jpg,23.jpg,1,2,2,AA,2,1,2.65,1
44,19,ASIAN,MALE,22.jpg,22.jpg,2,1,1,AA,1,1,2.62,3
44,19,ASIAN,MALE,8.jpg,8.jpg,2,1,2,AA,2,1,3.29,3
44,19,ASIAN,MALE,28.jpg,26.jpg,2,1,1,AB,1,1,5.6,2
44,19,ASIAN,MALE,24.jpg,25.jpg,1,1,2,AB,2,1,2.34,2
44,19,ASIAN,MALE,9.jpg,9.jpg,2,1,1,AA,2,0,3.69,1
44,19,ASIAN,MALE,17.jpg,16.jpg,1,2,2,AB,1,0,1.4,3
44,19,ASIAN,MALE,18.jpg,18.jpg,1,2,1,AA,1,1,5.13,1
44,19,ASIAN,MALE,29.jpg,30.jpg,2,2,1,AB,1,1,2.06,1
44,19,ASIAN,MALE,42.jpg,42.jpg,1,2,1,AA,2,0,2.23,1
44,19,ASIAN,MALE,27.jpg,27.jpg,1,2,2,AA,2,1,2.37,3
44,19,ASIAN,MALE,48.jpg,48.jpg,2,1,2,AA,2,1,2.16,2
44,19,ASIAN,MALE,31.jpg,41.jpg,1,1,2,AB,1,0,1.76,2
44,19,ASIAN,MALE,2.jpg,11.jpg,2,2,1,AB,2,0,2.89,2
44,19,ASIAN,MALE,35.jpg,46.jpg,1,1,1,AB,1,1,3.52,1
44,19,ASIAN,MALE,20.jpg,20.jpg,1,2,2,AA,1,0,3.74,1
44,19,ASIAN,MALE,38.jpg,38.jpg,1,2,1,AA,1,1,2.71,1
44,19,ASIAN,MALE,40.jpg,7.jpg,1,2,1,AB,1,1,3.62,2
44,19,ASIAN,MALE,3.jpg,14.jpg,1,2,1,AB,1,1,1.64,3
44,19,ASIAN,MALE,5.jpg,5.jpg,2,1,1,AA,2,0,3.55,2
45,19,latina,female,12.jpg,15.jpg,1,2,1,AB,1,1,3.68,3
45,19,latina,female,9.jpg,9.jpg,1,2,2,AA,2,1,1.24,3
45,19,latina,female,45.jpg,45.jpg,2,1,1,AA,1,1,2.35,1
45,19,latina,female,41.jpg,6.jpg,2,1,1,AB,1,1,3.21,1
45,19,latina,female,40.jpg,11.jpg,1,1,2,AB,2,1,2.31,2
45,19,latina,female,21.jpg,21.jpg,1,2,2,AA,2,1,2.25,3
45,19,latina,female,38.jpg,38.jpg,2,1,2,AA,2,1,1.82,3
45,19,latina,female,39.jpg,39.jpg,2,1,2,AA,2,1,2.9,3
45,19,latina,female,20.jpg,22.jpg,1,1,1,AB,2,0,2.41,1
45,19,latina,female,33.jpg,37.jpg,2,1,2,AB,2,1,2.68,2
45,19,latina,female,24.jpg,17.jpg,2,2,1,AB,1,1,2.41,2
45,19,latina,female,48.jpg,44.jpg,2,2,1,AB,1,1,2.88,3
45,19,latina,female,18.jpg,25.jpg,2,2,2,AB,2,1,2.85,2
45,19,latina,female,31.jpg,31.jpg,2,1,2,AA,1,0,2.4,1
45,19,latina,female,14.jpg,14.jpg,2,1,1,AA,1,1,1.99,3
45,19,latina,female,3.jpg,3.jpg,1,2,2,AA,2,1,2.97,3
45,19,latina,female,26.jpg,5.jpg,1,2,2,AB,2,1,2.48,3
45,19,latina,female,16.jpg,13.jpg,1,1,2,AB,2,1,2.78,3
45,19,latina,female,36.jpg,34.jpg,1,2,1,AB,1,1,2.31,3
45,19,latina,female,32.jpg,32.jpg,1,2,2,AA,2,1,2.13,3
45,19,latina,female,19.jpg,19.jpg,1,2,1,AA,1,1,2.04,3
45,19,latina,female,29.jpg,29.jpg,1,2,1,AA,1,1,2.47,3
45,19,latina,female,8.jpg,8.jpg,2,1,2,AA,2,1,2.05,3
45,19,latina,female,7.jpg,7.jpg,2,1,1,AA,1,1,2.57,3
45,19,latina,female,47.jpg,47.jpg,1,2,1,AA,2,0,2.59,1
45,19,latina,female,28.jpg,4.jpg,2,1,2,AB,2,1,2.17,2
45,19,latina,female,30.jpg,2.jpg,1,2,2,AB,2,1,2.63,3
45,19,latina,female,10.jpg,46.jpg,1,1,1,AB,1,1,3.39,2
45,19,latina,female,23.jpg,35.jpg,2,2,2,AB,2,1,2.1,1
45,19,latina,female,43.jpg,43.jpg,1,2,1,AA,1,1,2.54,3
45,19,latina,female,27.jpg,1.jpg,2,1,1,AB,1,1,2.26,2
46,19,White/Hispanic,Female,4.jpg,33.jpg,1,1,2,AB,2,1,5.15,2
46,19,White/Hispanic,Female,29.jpg,24.jpg,2,1,2,AB,2,1,2.83,2
46,19,White/Hispanic,Female,23.jpg,37.jpg,2,2,2,AB,2,1,2.32,3
46,19,White/Hispanic,Female,28.jpg,15.jpg,1,2,2,AB,1,0,3.3,2
46,19,White/Hispanic,Female,27.jpg,41.jpg,2,1,1,AB,1,1,2.16,3
46,19,White/Hispanic,Female,39.jpg,32.jpg,2,2,1,AB,1,1,4.29,3
46,19,White/Hispanic,Female,3.jpg,3.jpg,2,1,2,AA,2,1,4.94,1
46,19,White/Hispanic,Female,36.jpg,30.jpg,2,2,2,AB,2,1,2.14,3
46,19,White/Hispanic,Female,47.jpg,13.jpg,1,1,2,AB,2,1,3.81,3
46,19,White/Hispanic,Female,38.jpg,38.jpg,2,1,2,AA,2,1,3.07,2
46,19,White/Hispanic,Female,9.jpg,18.jpg,1,2,1,AB,1,1,1.72,3
46,19,White/Hispanic,Female,48.jpg,45.jpg,1,2,2,AB,2,1,2.15,3
46,19,White/Hispanic,Female,7.jpg,7.jpg,2,1,1,AA,1,1,2.83,3
46,19,White/Hispanic,Female,20.jpg,20.jpg,1,2,2,AA,1,0,4.61,2
46,19,White/Hispanic,Female,22.jpg,31.jpg,1,1,1,AB,2,0,2.5,3
46,19,White/Hispanic,Female,40.jpg,44.jpg,2,1,1,AB,1,1,2.14,2
46,19,White/Hispanic,Female,35.jpg,35.jpg,1,2,1,AA,1,1,2.77,3
46,19,White/Hispanic,Female,25.jpg,12.jpg,2,1,2,AB,2,1,4.25,3
46,19,White/Hispanic,Female,2.jpg,14.jpg,1,2,1,AB,1,1,2.29,3
46,19,White/Hispanic,Female,21.jpg,21.jpg,1,2,2,AA,2,1,3.21,3
46,19,White/Hispanic,Female,8.jpg,8.jpg,2,1,1,AA,1,1,3.63,3
46,19,White/Hispanic,Female,26.jpg,26.jpg,1,2,1,AA,1,1,1.91,3
46,19,White/Hispanic,Female,1.jpg,1.jpg,1,2,2,AA,1,0,4.64,2
46,19,White/Hispanic,Female,5.jpg,5.jpg,2,1,1,AA,1,1,2.85,3
46,19,White/Hispanic,Female,10.jpg,10.jpg,2,1,1,AA,1,1,2.22,3
46,19,White/Hispanic,Female,6.jpg,6.jpg,2,1,2,AA,2,1,1.79,3
46,19,White/Hispanic,Female,17.jpg,16.jpg,1,1,1,AB,2,0,3.47,2
46,19,White/Hispanic,Female,42.jpg,42.jpg,1,2,1,AA,2,0,4.75,2
46,19,White/Hispanic,Female,43.jpg,43.jpg,1,2,2,AA,2,1,3.9,1
46,19,White/Hispanic,Female,19.jpg,11.jpg,2,2,1,AB,1,1,2.14,3
46,19,White/Hispanic,Female,46.jpg,46.jpg,1,2,1,AA,1,1,2.7,2
49,19,vietnamese,female,19.jpg,31.jpg,1,2,2,AB,2,1,2.27,3
49,19,vietnamese,female,6.jpg,2.jpg,2,2,1,AB,1,1,4.28,2
49,19,vietnamese,female,29.jpg,23.jpg,1,1,2,AB,2,1,4.39,3
49,19,vietnamese,female,37.jpg,37.jpg,1,2,2,AA,2,1,4.13,1
49,19,vietnamese,female,34.jpg,34.jpg,2,1,2,AA,2,1,4.5,2
49,19,vietnamese,female,35.jpg,3.jpg,1,2,2,AB,2,1,2.67,3
49,19,vietnamese,female,38.jpg,48.jpg,2,1,1,AB,1,1,3.68,3
49,19,vietnamese,female,42.jpg,42.jpg,2,1,1,AA,1,1,3.93,3
49,19,vietnamese,female,25.jpg,25.jpg,1,2,2,AA,2,1,4.16,2
49,19,vietnamese,female,28.jpg,28.jpg,2,1,2,AA,1,0,4.73,1
49,19,vietnamese,female,5.jpg,14.jpg,2,2,2,AB,1,0,4.34,3
49,19,vietnamese,female,1.jpg,13.jpg,2,1,1,AB,1,1,4.61,3
49,19,vietnamese,female,26.jpg,12.jpg,1,1,1,AB,1,1,4.28,3
49,19,vietnamese,female,45.jpg,45.jpg,1,2,2,AA,2,1,2.21,3
49,19,vietnamese,female,40.jpg,36.jpg,2,2,2,AB,2,1,3.05,3
49,19,vietnamese,female,20.jpg,27.jpg,1,1,2,AB,1,0,4.05,3
49,19,vietnamese,female,21.jpg,21.jpg,2,1,1,AA,1,1,4,2
49,19,vietnamese,female,47.jpg,47.jpg,2,1,2,AA,2,1,4.4,1
49,19,vietnamese,female,44.jpg,33.jpg,1,2,1,AB,2,0,2.85,3
49,19,vietnamese,female,41.jpg,41.jpg,2,1,1,AA,1,1,4.06,2
49,19,vietnamese,female,7.jpg,24.jpg,2,1,2,AB,1,0,4.1,2
49,19,vietnamese,female,32.jpg,32.jpg,1,2,1,AA,2,0,4.43,1
49,19,vietnamese,female,22.jpg,10.jpg,1,1,1,AB,1,1,2.9,3
49,19,vietnamese,female,9.jpg,9.jpg,1,2,1,AA,1,1,4.46,2
49,19,vietnamese,female,8.jpg,11.jpg,2,2,1,AB,2,0,2.51,3
49,19,vietnamese,female,15.jpg,15.jpg,2,1,2,AA,1,0,3.31,2
49,19,vietnamese,female,16.jpg,46.jpg,2,1,2,AB,2,1,2.14,3
49,19,vietnamese,female,4.jpg,4.jpg,1,2,1,AA,1,1,2.45,3
49,19,vietnamese,female,17.jpg,17.jpg,2,1,1,AA,1,1,3.14,3
49,19,vietnamese,female,43.jpg,43.jpg,1,2,1,AA,1,1,3.92,3
49,19,vietnamese,female,30.jpg,39.jpg,1,2,1,AB,1,1,2.85,3
49,19,vietnamese,female,18.jpg,18.jpg,1,2,2,AA,1,0,4.63,2
51,19,HISPANIC,Female,26.jpg,34.jpg,2,2,1,AB,1,1,2.44,3
51,19,HISPANIC,Female,17.jpg,17.jpg,1,2,2,AA,2,1,2.7,2
51,19,HISPANIC,Female,16.jpg,2.jpg,2,2,1,AB,1,1,1.51,3
51,19,HISPANIC,Female,5.jpg,40.jpg,1,1,1,AB,1,1,1.89,1
51,19,HISPANIC,Female,10.jpg,10.jpg,1,2,1,AA,1,1,1.5,3
51,19,HISPANIC,Female,20.jpg,20.jpg,2,1,2,AA,2,1,1.5,2
51,19,HISPANIC,Female,45.jpg,25.jpg,2,2,2,AB,2,1,1.28,3
51,19,HISPANIC,Female,11.jpg,11.jpg,2,1,1,AA,1,1,2.62,2
51,19,HISPANIC,Female,46.jpg,9.jpg,1,1,2,AB,1,0,1.9,1
51,19,HISPANIC,Female,22.jpg,22.jpg,1,2,2,AA,1,0,1.88,1
51,19,HISPANIC,Female,36.jpg,36.jpg,1,2,1,AA,1,1,1.91,2
51,19,HISPANIC,Female,7.jpg,48.jpg,1,2,1,AB,2,0,1.55,2
51,19,HISPANIC,Female,28.jpg,4.jpg,2,1,1,AB,2,0,2.31,1
51,19,HISPANIC,Female,42.jpg,42.jpg,2,1,1,AA,2,0,3.91,1
51,19,HISPANIC,Female,18.jpg,18.jpg,2,1,2,AA,1,0,2.94,2
51,19,HISPANIC,Female,14.jpg,14.jpg,2,1,2,AA,1,0,2.92,1
51,19,HISPANIC,Female,37.jpg,12.jpg,1,2,2,AB,1,0,4,1
51,19,HISPANIC,Female,32.jpg,39.jpg,2,1,1,AB,1,1,2.91,1
51,19,HISPANIC,Female,29.jpg,35.jpg,1,1,1,AB,1,1,1.88,3
51,19,HISPANIC,Female,31.jpg,31.jpg,1,2,1,AA,1,1,3.08,2
51,19,HISPANIC,Female,27.jpg,27.jpg,1,2,2,AA,2,1,3.55,1
51,19,HISPANIC,Female,13.jpg,6.jpg,2,1,2,AB,2,1,2.03,3
51,19,HISPANIC,Female,41.jpg,8.jpg,2,1,2,AB,2,1,2.14,2
51,19,HISPANIC,Female,19.jpg,15.jpg,1,1,2,AB,2,1,2.99,2
51,19,HISPANIC,Female,21.jpg,21.jpg,1,2,2,AA,2,1,3.49,3
51,19,HISPANIC,Female,47.jpg,47.jpg,1,2,1,AA,1,1,3.61,1
51,19,HISPANIC,Female,23.jpg,38.jpg,1,2,2,AB,1,0,2.52,1
51,19,HISPANIC,Female,44.jpg,30.jpg,1,2,1,AB,1,1,2.59,2
51,19,HISPANIC,Female,24.jpg,24.jpg,2,1,1,AA,1,1,2.74,1
51,19,HISPANIC,Female,1.jpg,1.jpg,2,1,1,AA,1,1,2.77,1
51,19,HISPANIC,Female,3.jpg,43.jpg,2,2,2,AB,2,1,2.53,2
51,19,HISPANIC,Female,33.jpg,33.jpg,2,1,2,AA,2,1,2.24,2
52,19,White,ffemale,19.jpg,19.jpg,2,1,1,AA,1,1,2.15,3
52,19,White,ffemale,20.jpg,20.jpg,2,1,1,AA,1,1,1.26,3
52,19,White,ffemale,48.jpg,41.jpg,2,2,1,AB,1,1,1.18,3
52,19,White,ffemale,3.jpg,42.jpg,1,1,2,AB,1,0,1.9,3
52,19,White,ffemale,28.jpg,6.jpg,1,2,2,AB,1,0,1.87,3
52,19,White,ffemale,45.jpg,45.jpg,1,2,1,AA,1,1,1.31,3
52,19,White,ffemale,10.jpg,10.jpg,1,2,2,AA,2,1,1.6,3
52,19,White,ffemale,7.jpg,27.jpg,2,1,1,AB,1,1,1.55,3
52,19,White,ffemale,16.jpg,16.jpg,1,2,2,AA,2,1,1.87,2
52,19,White,ffemale,13.jpg,13.jpg,2,1,1,AA,1,1,1.38,3
52,19,White,ffemale,4.jpg,11.jpg,1,1,2,AB,2,1,2.35,3
52,19,White,ffemale,44.jpg,23.jpg,2,2,2,AB,2,1,1.44,3
52,19,White,ffemale,22.jpg,22.jpg,2,1,1,AA,2,0,1.91,2
52,19,White,ffemale,39.jpg,36.jpg,2,1,2,AB,1,0,2.11,1
52,19,White,ffemale,8.jpg,8.jpg,1,2,2,AA,2,1,1.58,3
52,19,White,ffemale,18.jpg,40.jpg,1,1,1,AB,1,1,1.58,2
52,19,White,ffemale,15.jpg,15.jpg,2,1,2,AA,2,1,1.3,3
52,19,White,ffemale,34.jpg,26.jpg,2,1,2,AB,2,1,1.83,3
52,19,White,ffemale,17.jpg,14.jpg,2,2,2,AB,2,1,2.16,3
52,19,White,ffemale,25.jpg,25.jpg,1,2,1,AA,1,1,1.62,3
52,19,White,ffemale,46.jpg,5.jpg,1,2,1,AB,1,1,1.67,3
52,19,White,ffemale,37.jpg,21.jpg,2,2,1,AB,1,1,2.16,1
52,19,White,ffemale,43.jpg,35.jpg,1,2,2,AB,1,0,2.59,2
52,19,White,ffemale,33.jpg,33.jpg,2,1,2,AA,2,1,1.35,3
52,19,White,ffemale,12.jpg,32.jpg,2,1,1,AB,2,0,1.88,3
52,19,White,ffemale,38.jpg,38.jpg,1,2,1,AA,1,1,1.16,3
52,19,White,ffemale,24.jpg,29.jpg,1,1,1,AB,1,1,1.08,3
52,19,White,ffemale,2.jpg,2.jpg,1,2,1,AA,1,1,2.06,2
52,19,White,ffemale,31.jpg,31.jpg,2,1,2,AA,1,0,2.12,1
52,19,White,ffemale,47.jpg,47.jpg,2,1,2,AA,2,1,1.37,3
52,19,White,ffemale,1.jpg,1.jpg,1,2,2,AA,2,1,2.01,2
53,19,ASIAN,MALE,34.jpg,5.jpg,2,2,1,AB,1,1,4.43,3
53,19,ASIAN,MALE,46.jpg,22.jpg,1,2,2,AB,2,1,3.99,2
53,19,ASIAN,MALE,43.jpg,41.jpg,1,1,1,AB,2,0,1.82,3
53,19,ASIAN,MALE,24.jpg,24.jpg,2,1,2,AA,2,1,2.59,3
53,19,ASIAN,MALE,6.jpg,2.jpg,2,2,1,AB,1,1,2.08,2
53,19,ASIAN,MALE,17.jpg,17.jpg,1,2,2,AA,2,1,3.29,2
53,19,ASIAN,MALE,38.jpg,1.jpg,2,2,2,AB,2,1,2.54,2
53,19,ASIAN,MALE,48.jpg,4.jpg,1,2,1,AB,2,0,2.7,1
53,19,ASIAN,MALE,20.jpg,37.jpg,1,1,1,AB,1,1,2.6,2
53,19,ASIAN,MALE,39.jpg,16.jpg,2,2,2,AB,1,0,1.92,3
53,19,ASIAN,MALE,47.jpg,47.jpg,1,2,2,AA,1,0,3.84,2
53,19,ASIAN,MALE,19.jpg,36.jpg,1,1,2,AB,2,1,3.19,3
53,19,ASIAN,MALE,26.jpg,26.jpg,2,1,2,AA,1,0,4.74,2
53,19,ASIAN,MALE,15.jpg,15.jpg,2,1,2,AA,2,1,1.92,3
53,19,ASIAN,MALE,13.jpg,13.jpg,1,2,2,AA,2,1,4.18,3
53,19,ASIAN,MALE,18.jpg,18.jpg,1,2,1,AA,1,1,3.02,3
53,19,ASIAN,MALE,23.jpg,23.jpg,1,2,1,AA,1,1,3.53,3
53,19,ASIAN,MALE,35.jpg,35.jpg,2,1,2,AA,1,0,4.8,2
53,19,ASIAN,MALE,44.jpg,42.jpg,1,2,2,AB,2,1,2.28,3
53,19,ASIAN,MALE,11.jpg,11.jpg,2,1,1,AA,1,1,4.08,3
53,19,ASIAN,MALE,27.jpg,27.jpg,2,1,1,AA,2,0,3.11,3
53,19,ASIAN,MALE,14.jpg,14.jpg,1,2,1,AA,1,1,2.45,2
53,19,ASIAN,MALE,45.jpg,12.jpg,2,1,1,AB,1,1,2.07,3
53,19,ASIAN,MALE,25.jpg,25.jpg,2,1,1,AA,1,1,3.33,2
53,19,ASIAN,MALE,21.jpg,30.jpg,1,2,1,AB,1,1,1.48,3
53,19,ASIAN,MALE,9.jpg,28.jpg,2,1,2,AB,2,1,1.88,3
53,19,ASIAN,MALE,8.jpg,8.jpg,1,2,2,AA,2,1,2.44,3
53,19,ASIAN,MALE,32.jpg,10.jpg,1,1,2,AB,2,1,3.48,3
53,19,ASIAN,MALE,29.jpg,31.jpg,2,1,2,AB,2,1,2.49,2
53,19,ASIAN,MALE,33.jpg,33.jpg,1,2,1,AA,1,1,3.05,3
53,19,ASIAN,MALE,40.jpg,7.jpg,2,1,1,AB,1,1,3.22,3
54,20,ASIAN,FEMALE,10.jpg,22.jpg,1,1,2,AB,2,1,3.47,3
54,20,ASIAN,FEMALE,36.jpg,48.jpg,1,2,2,AB,2,1,2.93,3
54,20,ASIAN,FEMALE,3.jpg,3.jpg,2,1,2,AA,2,1,3.25,1
54,20,ASIAN,FEMALE,29.jpg,29.jpg,1,2,1,AA,2,0,3.33,1
54,20,ASIAN,FEMALE,27.jpg,28.jpg,2,1,2,AB,2,1,1.5,3
54,20,ASIAN,FEMALE,5.jpg,5.jpg,1,2,1,AA,2,0,3.69,1
54,20,ASIAN,FEMALE,17.jpg,17.jpg,1,2,2,AA,2,1,2.34,1
54,20,ASIAN,FEMALE,7.jpg,26.jpg,2,2,1,AB,2,0,3.51,3
54,20,ASIAN,FEMALE,11.jpg,11.jpg,2,1,1,AA,1,1,3.95,3
54,20,ASIAN,FEMALE,47.jpg,20.jpg,2,1,2,AB,2,1,4.1,1
54,20,ASIAN,FEMALE,14.jpg,14.jpg,1,2,2,AA,2,1,2.95,1
54,20,ASIAN,FEMALE,19.jpg,23.jpg,1,2,1,AB,1,1,2.15,3
54,20,ASIAN,FEMALE,37.jpg,37.jpg,1,2,1,AA,2,0,3.94,1
54,20,ASIAN,FEMALE,43.jpg,12.jpg,2,2,2,AB,2,1,3.03,3
54,20,ASIAN,FEMALE,40.jpg,6.jpg,1,1,1,AB,1,1,1.59,3
54,20,ASIAN,FEMALE,32.jpg,32.jpg,2,1,1,AA,1,1,3.94,3
54,20,ASIAN,FEMALE,25.jpg,34.jpg,2,2,1,AB,1,1,1.03,3
54,20,ASIAN,FEMALE,30.jpg,30.jpg,2,1,1,AA,1,1,2.66,1
54,20,ASIAN,FEMALE,46.jpg,8.jpg,1,2,1,AB,2,0,2.16,2
54,20,ASIAN,FEMALE,16.jpg,16.jpg,1,2,2,AA,1,0,3.44,1
54,20,ASIAN,FEMALE,15.jpg,15.jpg,1,2,1,AA,1,1,1.73,3
54,20,ASIAN,FEMALE,9.jpg,9.jpg,2,1,2,AA,2,1,1.82,2
54,20,ASIAN,FEMALE,1.jpg,1.jpg,1,2,2,AA,2,1,2.44,3
54,20,ASIAN,FEMALE,42.jpg,42.jpg,2,1,2,AA,2,1,3.04,1
54,20,ASIAN,FEMALE,13.jpg,13.jpg,2,1,2,AA,2,1,2.01,3
54,20,ASIAN,FEMALE,18.jpg,2.jpg,1,1,2,AB,1,0,4.19,2
54,20,ASIAN,FEMALE,31.jpg,24.jpg,2,1,1,AB,2,0,3.25,1
54,20,ASIAN,FEMALE,39.jpg,21.jpg,2,2,2,AB,1,0,3.65,2
54,20,ASIAN,FEMALE,33.jpg,44.jpg,2,1,1,AB,1,1,3.31,2
54,20,ASIAN,FEMALE,45.jpg,41.jpg,1,1,1,AB,2,0,2.48,3
54,20,ASIAN,FEMALE,4.jpg,35.jpg,1,2,2,AB,2,1,4.36,1
54,20,ASIAN,FEMALE,38.jpg,38.jpg,2,1,1,AA,2,0,3.75,1
55,19,ASIA,FFEMALE,47.jpg,6.jpg,2,1,1,AB,1,1,2.54,3
55,19,ASIA,FFEMALE,44.jpg,38.jpg,1,1,1,AB,1,1,1.32,3
55,19,ASIA,FFEMALE,10.jpg,10.jpg,2,1,1,AA,1,1,1.1,3
55,19,ASIA,FFEMALE,28.jpg,32.jpg,1,2,2,AB,2,1,1.18,3
55,19,ASIA,FFEMALE,30.jpg,30.jpg,2,1,2,AA,1,0,2.05,1
55,19,ASIA,FFEMALE,43.jpg,43.jpg,1,2,1,AA,1,1,1.54,3
55,19,ASIA,FFEMALE,1.jpg,33.jpg,2,2,1,AB,1,1,2.03,3
55,19,ASIA,FFEMALE,7.jpg,7.jpg,1,2,2,AA,2,1,1.28,3
55,19,ASIA,FFEMALE,46.jpg,22.jpg,2,1,1,AB,2,0,1.28,3
55,19,ASIA,FFEMALE,4.jpg,11.jpg,1,1,2,AB,2,1,2.77,2
55,19,ASIA,FFEMALE,45.jpg,45.jpg,2,1,1,AA,1,1,1.96,3
55,19,ASIA,FFEMALE,9.jpg,37.jpg,2,1,2,AB,2,1,1.35,3
55,19,ASIA,FFEMALE,24.jpg,24.jpg,2,1,1,AA,1,1,1.86,2
55,19,ASIA,FFEMALE,34.jpg,34.jpg,2,1,1,AA,1,1,1.55,3
55,19,ASIA,FFEMALE,14.jpg,14.jpg,1,2,2,AA,2,1,3.88,2
55,19,ASIA,FFEMALE,8.jpg,36.jpg,2,1,2,AB,1,0,2.32,2
55,19,ASIA,FFEMALE,15.jpg,16.jpg,1,2,1,AB,1,1,1.79,2
55,19,ASIA,FFEMALE,48.jpg,48.jpg,2,1,2,AA,2,1,2.61,3
55,19,ASIA,FFEMALE,21.jpg,2.jpg,1,1,1,AB,2,0,1.04,3
55,19,ASIA,FFEMALE,25.jpg,25.jpg,1,2,2,AA,1,0,1.55,2
55,19,ASIA,FFEMALE,20.jpg,20.jpg,2,1,2,AA,2,1,2.82,3
55,19,ASIA,FFEMALE,23.jpg,23.jpg,1,2,1,AA,1,1,2.3,3
55,19,ASIA,FFEMALE,29.jpg,26.jpg,1,1,2,AB,1,0,2.55,3
55,19,ASIA,FFEMALE,3.jpg,19.jpg,2,2,2,AB,1,0,2.74,2
55,19,ASIA,FFEMALE,31.jpg,31.jpg,1,2,1,AA,1,1,1.79,2
55,19,ASIA,FFEMALE,17.jpg,17.jpg,1,2,2,AA,2,1,1.64,3
55,19,ASIA,FFEMALE,41.jpg,5.jpg,1,2,2,AB,2,1,1.37,2
55,19,ASIA,FFEMALE,39.jpg,39.jpg,1,2,1,AA,1,1,1.78,2
55,19,ASIA,FFEMALE,40.jpg,40.jpg,2,1,2,AA,2,1,3.06,2
55,19,ASIA,FFEMALE,12.jpg,27.jpg,2,2,2,AB,1,0,2.14,2
55,19,ASIA,FFEMALE,13.jpg,35.jpg,1,2,1,AB,1,1,0.8,3
55,19,ASIA,FFEMALE,42.jpg,18.jpg,2,2,1,AB,1,1,1.91,1
56,19,Korean,Male,12.jpg,12.jpg,1,2,1,AA,1,1,4.31,2
56,19,Korean,Male,18.jpg,19.jpg,2,2,2,AB,2,1,2.16,2
56,19,Korean,Male,37.jpg,16.jpg,2,2,2,AB,2,1,5.17,1
56,19,Korean,Male,23.jpg,30.jpg,2,1,1,AB,1,1,0.97,2
56,19,Korean,Male,43.jpg,43.jpg,2,1,2,AA,2,1,1.56,3
56,19,Korean,Male,17.jpg,17.jpg,2,1,1,AA,1,1,0.94,3
56,19,Korean,Male,27.jpg,27.jpg,1,2,1,AA,1,1,1.38,3
56,19,Korean,Male,1.jpg,44.jpg,1,2,1,AB,1,1,1.53,2
56,19,Korean,Male,10.jpg,10.jpg,1,2,1,AA,1,1,1.01,3
56,19,Korean,Male,26.jpg,36.jpg,1,2,1,AB,1,1,1.47,3
56,19,Korean,Male,9.jpg,42.jpg,2,1,1,AB,2,0,2.09,1
56,19,Korean,Male,25.jpg,25.jpg,2,1,2,AA,2,1,1.15,3
56,19,Korean,Male,28.jpg,28.jpg,2,1,2,AA,2,1,2.42,1
56,19,Korean,Male,5.jpg,33.jpg,1,1,1,AB,1,1,1.61,2
56,19,Korean,Male,21.jpg,21.jpg,1,2,1,AA,1,1,2.51,3
56,19,Korean,Male,2.jpg,4.jpg,1,1,2,AB,2,1,1.42,2
56,19,Korean,Male,38.jpg,15.jpg,2,1,2,AB,2,1,1.4,2
56,19,Korean,Male,20.jpg,20.jpg,2,1,1,AA,1,1,2.63,1
56,19,Korean,Male,22.jpg,22.jpg,2,1,1,AA,1,1,1.99,1
56,19,Korean,Male,31.jpg,31.jpg,1,2,2,AA,1,0,2.49,1
56,19,Korean,Male,32.jpg,24.jpg,1,2,2,AB,2,1,1.6,2
56,19,Korean,Male,3.jpg,47.jpg,2,1,2,AB,2,1,1.83,2
56,19,Korean,Male,48.jpg,48.jpg,2,1,2,AA,2,1,2.39,2
56,19,Korean,Male,11.jpg,40.jpg,1,1,1,AB,1,1,1.79,3
56,19,Korean,Male,29.jpg,29.jpg,1,2,2,AA,2,1,2.5,1
56,19,Korean,Male,8.jpg,35.jpg,1,1,2,AB,2,1,1.75,3
56,19,Korean,Male,46.jpg,39.jpg,2,2,1,AB,1,1,2.99,1
56,19,Korean,Male,41.jpg,41.jpg,1,2,2,AA,2,1,2,1
56,19,Korean,Male,34.jpg,45.jpg,1,2,2,AB,1,0,2.43,2
56,19,Korean,Male,6.jpg,6.jpg,1,2,2,AA,1,0,2.08,1
56,19,Korean,Male,7.jpg,13.jpg,2,2,1,AB,1,1,1.63,2
57,23,Hispanic ,ffemale ,6.jpg,5.jpg,1,1,1,AB,1,1,4.41,3
57,23,Hispanic ,ffemale ,32.jpg,32.jpg,2,1,2,AA,2,1,4.08,2
57,23,Hispanic ,ffemale ,46.jpg,39.jpg,2,1,1,AB,1,1,4.92,3
57,23,Hispanic ,ffemale ,22.jpg,12.jpg,2,1,2,AB,2,1,5.22,2
57,23,Hispanic ,ffemale ,19.jpg,15.jpg,2,2,2,AB,2,1,3.78,3
57,23,Hispanic ,ffemale ,20.jpg,20.jpg,2,1,2,AA,2,1,3.26,3
57,23,Hispanic ,ffemale ,13.jpg,13.jpg,1,2,1,AA,1,1,4.01,3
57,23,Hispanic ,ffemale ,2.jpg,47.jpg,1,2,2,AB,2,1,3.5,3
57,23,Hispanic ,ffemale ,35.jpg,35.jpg,1,2,2,AA,2,1,4.85,3
57,23,Hispanic ,ffemale ,30.jpg,30.jpg,2,1,2,AA,2,1,3.32,3
57,23,Hispanic ,ffemale ,45.jpg,45.jpg,1,2,1,AA,1,1,3.3,3
57,23,Hispanic ,ffemale ,40.jpg,40.jpg,1,2,2,AA,2,1,2.74,3
57,23,Hispanic ,ffemale ,48.jpg,48.jpg,1,2,2,AA,2,1,2.85,3
57,23,Hispanic ,ffemale ,17.jpg,17.jpg,2,1,2,AA,2,1,2.35,3
57,23,Hispanic ,ffemale ,37.jpg,24.jpg,2,2,1,AB,1,1,4.58,2
57,23,Hispanic ,ffemale ,36.jpg,21.jpg,1,2,1,AB,1,1,2.2,2
57,23,Hispanic ,ffemale ,7.jpg,3.jpg,1,1,2,AB,2,1,2.57,3
57,23,Hispanic ,ffemale ,38.jpg,1.jpg,1,1,1,AB,1,1,4.96,3
57,23,Hispanic ,ffemale ,23.jpg,34.jpg,1,2,1,AB,1,1,2.68,3
57,23,Hispanic ,ffemale ,9.jpg,11.jpg,2,2,2,AB,2,1,3,3
57,23,Hispanic ,ffemale ,42.jpg,44.jpg,2,1,1,AB,1,1,4.13,3
57,23,Hispanic ,ffemale ,8.jpg,16.jpg,1,1,2,AB,2,1,2.91,3
57,23,Hispanic ,ffemale ,29.jpg,29.jpg,1,2,1,AA,1,1,3.07,3
57,23,Hispanic ,ffemale ,28.jpg,33.jpg,2,1,2,AB,1,0,4.45,2
57,23,Hispanic ,ffemale ,27.jpg,27.jpg,2,1,1,AA,1,1,2.64,3
57,23,Hispanic ,ffemale ,31.jpg,31.jpg,2,1,1,AA,1,1,3.07,1
57,23,Hispanic ,ffemale ,10.jpg,10.jpg,1,2,1,AA,1,1,2.09,3
57,23,Hispanic ,ffemale ,43.jpg,26.jpg,1,2,2,AB,2,1,3.4,3
57,23,Hispanic ,ffemale ,41.jpg,41.jpg,1,2,2,AA,2,1,2.09,3
57,23,Hispanic ,ffemale ,14.jpg,14.jpg,2,1,1,AA,1,1,4.09,1
58,18,WHITE,MALE,46.jpg,46.jpg,1,2,1,AA,1,1,4.66,1
58,18,WHITE,MALE,39.jpg,23.jpg,2,1,2,AB,2,1,5.31,2
58,18,WHITE,MALE,4.jpg,6.jpg,1,2,1,AB,1,1,4.17,1
58,18,WHITE,MALE,12.jpg,12.jpg,1,2,1,AA,1,1,2.7,2
58,18,WHITE,MALE,37.jpg,44.jpg,2,2,2,AB,1,0,5.17,1
58,18,WHITE,MALE,14.jpg,14.jpg,2,1,2,AA,1,0,3.88,1
58,18,WHITE,MALE,22.jpg,24.jpg,1,2,2,AB,1,0,1.53,2
58,18,WHITE,MALE,29.jpg,29.jpg,1,2,1,AA,1,1,1.75,3
58,18,WHITE,MALE,42.jpg,16.jpg,2,1,2,AB,1,0,1.34,2
58,18,WHITE,MALE,26.jpg,33.jpg,2,2,2,AB,1,0,1.33,2
58,18,WHITE,MALE,3.jpg,3.jpg,2,1,2,AA,2,1,2.56,1
58,18,WHITE,MALE,20.jpg,20.jpg,2,1,1,AA,2,0,2.87,1
58,18,WHITE,MALE,5.jpg,5.jpg,2,1,2,AA,1,0,2.59,1
58,18,WHITE,MALE,13.jpg,40.jpg,1,1,1,AB,1,1,2.01,2
58,18,WHITE,MALE,10.jpg,10.jpg,1,2,2,AA,1,0,3.25,1
58,18,WHITE,MALE,2.jpg,15.jpg,1,2,1,AB,1,1,3.79,1
58,18,WHITE,MALE,8.jpg,8.jpg,1,2,2,AA,2,1,4.2,1
58,18,WHITE,MALE,32.jpg,32.jpg,2,1,1,AA,1,1,2.16,2
58,18,WHITE,MALE,11.jpg,38.jpg,1,2,2,AB,2,1,2.91,1
58,18,WHITE,MALE,43.jpg,18.jpg,2,2,1,AB,1,1,3.43,1
58,18,WHITE,MALE,1.jpg,25.jpg,1,1,2,AB,2,1,3.84,2
58,18,WHITE,MALE,7.jpg,7.jpg,2,1,2,AA,2,1,3.4,1
58,18,WHITE,MALE,35.jpg,35.jpg,2,1,1,AA,2,0,3.14,1
58,18,WHITE,MALE,19.jpg,41.jpg,1,1,1,AB,2,0,2.45,2
58,18,WHITE,MALE,31.jpg,45.jpg,2,2,1,AB,1,1,1.55,1
58,18,WHITE,MALE,34.jpg,34.jpg,1,2,2,AA,2,1,2.64,2
58,18,WHITE,MALE,17.jpg,36.jpg,2,1,1,AB,1,1,3.88,1
58,18,WHITE,MALE,47.jpg,47.jpg,2,1,1,AA,1,1,3.15,1
58,18,WHITE,MALE,27.jpg,21.jpg,1,1,2,AB,2,1,1.98,2
58,18,WHITE,MALE,9.jpg,9.jpg,1,2,2,AA,2,1,2.41,2
59,19,CANADIAN,MALE,20.jpg,9.jpg,2,2,2,AB,2,1,3.98,2
59,19,CANADIAN,MALE,3.jpg,3.jpg,1,2,2,AA,1,0,2.33,2
59,19,CANADIAN,MALE,18.jpg,41.jpg,1,1,2,AB,1,0,2.79,2
59,19,CANADIAN,MALE,6.jpg,6.jpg,2,1,2,AA,2,1,3.11,1
59,19,CANADIAN,MALE,1.jpg,1.jpg,2,1,1,AA,1,1,5.08,1
59,19,CANADIAN,MALE,19.jpg,46.jpg,1,1,1,AB,1,1,4.23,1
59,19,CANADIAN,MALE,10.jpg,11.jpg,1,2,2,AB,2,1,1.75,3
59,19,CANADIAN,MALE,14.jpg,14.jpg,1,2,1,AA,2,0,3.55,1
59,19,CANADIAN,MALE,37.jpg,37.jpg,1,2,2,AA,2,1,4.11,1
59,19,CANADIAN,MALE,42.jpg,42.jpg,1,2,2,AA,2,1,2.75,3
59,19,CANADIAN,MALE,26.jpg,26.jpg,2,1,1,AA,1,1,2.63,3
59,19,CANADIAN,MALE,29.jpg,17.jpg,2,2,1,AB,1,1,1.66,3
59,19,CANADIAN,MALE,27.jpg,8.jpg,2,2,1,AB,1,1,1.47,3
59,19,CANADIAN,MALE,25.jpg,39.jpg,2,1,1,AB,2,0,3.33,2
59,19,CANADIAN,MALE,5.jpg,33.jpg,1,2,2,AB,1,0,2.39,2
59,19,CANADIAN,MALE,23.jpg,24.jpg,1,2,1,AB,1,1,2.36,3
59,19,CANADIAN,MALE,7.jpg,7.jpg,1,2,1,AA,1,1,4.66,1
59,19,CANADIAN,MALE,16.jpg,35.jpg,1,1,1,AB,1,1,2.66,3
59,19,CANADIAN,MALE,47.jpg,34.jpg,2,1,2,AB,2,1,3.2,1
59,19,CANADIAN,MALE,45.jpg,40.jpg,1,2,1,AB,1,1,2.2,1
59,19,CANADIAN,MALE,38.jpg,38.jpg,2,1,1,AA,1,1,2.82,1
59,19,CANADIAN,MALE,2.jpg,43.jpg,2,1,2,AB,1,0,1.55,3
59,19,CANADIAN,MALE,30.jpg,30.jpg,2,1,2,AA,2,1,4.19,1
59,19,CANADIAN,MALE,36.jpg,36.jpg,1,2,1,AA,1,1,2.54,2
59,19,CANADIAN,MALE,32.jpg,22.jpg,2,2,2,AB,2,1,2.05,3
59,19,CANADIAN,MALE,4.jpg,44.jpg,2,1,1,AB,1,1,1.48,3
59,19,CANADIAN,MALE,21.jpg,28.jpg,1,1,2,AB,2,1,2.37,2
59,19,CANADIAN,MALE,48.jpg,48.jpg,1,2,1,AA,2,0,4.3,2
59,19,CANADIAN,MALE,13.jpg,13.jpg,1,2,2,AA,2,1,2.26,3
59,19,CANADIAN,MALE,31.jpg,31.jpg,2,1,2,AA,2,1,5.42,1
59,19,CANADIAN,MALE,12.jpg,12.jpg,2,1,1,AA,1,1,5.93,2
6,19,iindian,Male,5.jpg,5.jpg,2,1,1,AA,1,1,4.45,1
6,19,iindian,Male,34.jpg,34.jpg,1,2,2,AA,2,1,3.41,2
6,19,iindian,Male,2.jpg,18.jpg,2,1,2,AB,2,1,3.9,1
6,19,iindian,Male,16.jpg,16.jpg,1,2,2,AA,2,1,1.9,3
6,19,iindian,Male,17.jpg,17.jpg,1,2,1,AA,1,1,2.64,2
6,19,iindian,Male,24.jpg,24.jpg,1,2,1,AA,2,0,2.35,1
6,19,iindian,Male,38.jpg,29.jpg,1,2,1,AB,1,1,2.31,3
6,19,iindian,Male,12.jpg,12.jpg,2,1,2,AA,1,0,3.28,2
6,19,iindian,Male,26.jpg,26.jpg,2,1,2,AA,2,1,3.62,2
6,19,iindian,Male,6.jpg,15.jpg,2,2,2,AB,2,1,3.06,2
6,19,iindian,Male,48.jpg,48.jpg,1,2,2,AA,2,1,2.58,2
6,19,iindian,Male,27.jpg,33.jpg,2,2,1,AB,1,1,3.5,1
6,19,iindian,Male,3.jpg,7.jpg,1,2,1,AB,2,0,4.03,1
6,19,iindian,Male,37.jpg,37.jpg,2,1,2,AA,2,1,4.75,1
6,19,iindian,Male,47.jpg,32.jpg,1,1,1,AB,2,0,3.99,1
6,19,iindian,Male,14.jpg,22.jpg,2,1,1,AB,1,1,3.47,2
6,19,iindian,Male,8.jpg,8.jpg,2,1,2,AA,2,1,2.85,2
6,19,iindian,Male,44.jpg,30.jpg,2,2,2,AB,2,1,3.1,2
6,19,iindian,Male,1.jpg,13.jpg,1,2,2,AB,2,1,2.82,2
6,19,iindian,Male,19.jpg,21.jpg,1,2,2,AB,2,1,3.16,2
6,19,iindian,Male,39.jpg,31.jpg,2,1,1,AB,1,1,2.23,2
6,19,iindian,Male,40.jpg,40.jpg,2,1,1,AA,1,1,2.94,2
6,19,iindian,Male,43.jpg,9.jpg,1,1,1,AB,1,1,4.52,1
6,19,iindian,Male,46.jpg,46.jpg,1,2,1,AA,1,1,3.86,1
6,19,iindian,Male,23.jpg,28.jpg,2,2,1,AB,1,1,2.22,1
6,19,iindian,Male,35.jpg,35.jpg,1,2,2,AA,2,1,3.39,2
6,19,iindian,Male,25.jpg,25.jpg,2,1,1,AA,1,1,3.26,3
6,19,iindian,Male,36.jpg,10.jpg,1,1,2,AB,2,1,5.16,2
6,19,iindian,Male,41.jpg,41.jpg,1,2,1,AA,1,1,2.46,1
6,19,iindian,Male,4.jpg,45.jpg,1,1,2,AB,2,1,3.59,1
6,19,iindian,Male,42.jpg,42.jpg,2,1,1,AA,2,0,2.97,1
7,19,Hispanic,Male,4.jpg,4.jpg,2,1,1,AA,2,0,2.3,2
7,19,Hispanic,Male,18.jpg,41.jpg,2,2,2,AB,2,1,3.72,1
7,19,Hispanic,Male,7.jpg,7.jpg,2,1,2,AA,2,1,4.55,1
7,19,Hispanic,Male,11.jpg,11.jpg,1,2,1,AA,1,1,3.21,3
7,19,Hispanic,Male,15.jpg,15.jpg,2,1,2,AA,2,1,2.64,3
7,19,Hispanic,Male,17.jpg,34.jpg,1,1,1,AB,1,1,1.79,3
7,19,Hispanic,Male,8.jpg,8.jpg,2,1,1,AA,1,1,2.37,2
7,19,Hispanic,Male,24.jpg,24.jpg,1,2,1,AA,1,1,3.34,3
7,19,Hispanic,Male,29.jpg,29.jpg,1,2,2,AA,2,1,2.42,2
7,19,Hispanic,Male,20.jpg,20.jpg,2,1,2,AA,2,1,3.2,1
7,19,Hispanic,Male,21.jpg,21.jpg,1,2,2,AA,2,1,2.01,3
7,19,Hispanic,Male,38.jpg,38.jpg,1,2,1,AA,2,0,2.85,2
7,19,Hispanic,Male,16.jpg,6.jpg,2,1,2,AB,2,1,1.94,3
7,19,Hispanic,Male,46.jpg,39.jpg,1,2,2,AB,2,1,1.31,3
7,19,Hispanic,Male,35.jpg,2.jpg,1,1,2,AB,1,0,4.68,2
7,19,Hispanic,Male,40.jpg,40.jpg,1,2,2,AA,1,0,3.98,1
7,19,Hispanic,Male,32.jpg,32.jpg,1,2,1,AA,2,0,2.33,2
7,19,Hispanic,Male,45.jpg,45.jpg,2,1,1,AA,1,1,2.05,3
7,19,Hispanic,Male,47.jpg,44.jpg,2,2,2,AB,2,1,1.59,3
7,19,Hispanic,Male,43.jpg,43.jpg,2,1,2,AA,2,1,2.37,3
7,19,Hispanic,Male,1.jpg,1.jpg,1,2,2,AA,1,0,2.81,2
7,19,Hispanic,Male,22.jpg,23.jpg,2,1,2,AB,2,1,4.88,2
7,19,Hispanic,Male,26.jpg,36.jpg,1,2,1,AB,1,1,1.5,3
7,19,Hispanic,Male,5.jpg,30.jpg,2,1,1,AB,1,1,1.75,2
7,19,Hispanic,Male,13.jpg,33.jpg,2,2,1,AB,1,1,1.5,3
7,19,Hispanic,Male,3.jpg,3.jpg,2,1,1,AA,1,1,2.62,2
7,19,Hispanic,Male,25.jpg,14.jpg,1,2,1,AB,2,0,2.5,3
7,19,Hispanic,Male,28.jpg,12.jpg,1,1,1,AB,2,0,1.9,3
7,19,Hispanic,Male,19.jpg,9.jpg,2,2,1,AB,1,1,0.91,3
7,19,Hispanic,Male,48.jpg,31.jpg,1,1,2,AB,1,0,3.65,2
7,19,Hispanic,Male,27.jpg,10.jpg,2,1,1,AB,1,1,1.78,3
8,19,MEXICAN,FEMALE,23.jpg,7.jpg,2,2,1,AB,1,1,2.46,3
8,19,MEXICAN,FEMALE,43.jpg,43.jpg,1,2,2,AA,2,1,2.35,2
8,19,MEXICAN,FEMALE,14.jpg,14.jpg,2,1,1,AA,2,0,4.45,2
8,19,MEXICAN,FEMALE,19.jpg,42.jpg,2,2,2,AB,2,1,2.01,3
8,19,MEXICAN,FEMALE,20.jpg,20.jpg,1,2,2,AA,1,0,3.46,3
8,19,MEXICAN,FEMALE,32.jpg,32.jpg,2,1,2,AA,2,1,4.06,2
8,19,MEXICAN,FEMALE,9.jpg,36.jpg,2,1,1,AB,1,1,4.8,2
8,19,MEXICAN,FEMALE,48.jpg,48.jpg,1,2,1,AA,1,1,4.93,2
8,19,MEXICAN,FEMALE,27.jpg,27.jpg,2,1,1,AA,1,1,1.78,2
8,19,MEXICAN,FEMALE,13.jpg,13.jpg,2,1,1,AA,2,0,3.55,2
8,19,MEXICAN,FEMALE,21.jpg,4.jpg,1,2,1,AB,1,1,4.42,2
8,19,MEXICAN,FEMALE,45.jpg,45.jpg,2,1,2,AA,2,1,3.02,2
8,19,MEXICAN,FEMALE,44.jpg,40.jpg,1,1,1,AB,2,0,3.75,3
8,19,MEXICAN,FEMALE,1.jpg,1.jpg,2,1,1,AA,1,1,3.2,2
8,19,MEXICAN,FEMALE,24.jpg,28.jpg,1,2,1,AB,1,1,1.7,3
8,19,MEXICAN,FEMALE,10.jpg,12.jpg,1,2,2,AB,2,1,2.13,3
8,19,MEXICAN,FEMALE,3.jpg,11.jpg,2,2,1,AB,2,0,1.88,3
8,19,MEXICAN,FEMALE,29.jpg,17.jpg,1,1,2,AB,2,1,1.88,3
8,19,MEXICAN,FEMALE,5.jpg,5.jpg,1,2,1,AA,1,1,4.27,2
8,19,MEXICAN,FEMALE,35.jpg,33.jpg,1,1,2,AB,2,1,1.76,3
8,19,MEXICAN,FEMALE,37.jpg,41.jpg,1,1,1,AB,1,1,2.52,2
8,19,MEXICAN,FEMALE,46.jpg,2.jpg,2,1,1,AB,1,1,4.83,2
8,19,MEXICAN,FEMALE,18.jpg,25.jpg,2,1,2,AB,2,1,2.14,3
8,19,MEXICAN,FEMALE,16.jpg,16.jpg,1,2,2,AA,2,1,2.48,3
8,19,MEXICAN,FEMALE,22.jpg,22.jpg,2,1,2,AA,2,1,2.26,3
8,19,MEXICAN,FEMALE,47.jpg,38.jpg,2,1,2,AB,2,1,2.34,2
8,19,MEXICAN,FEMALE,34.jpg,34.jpg,2,1,2,AA,1,0,4.05,2
8,19,MEXICAN,FEMALE,31.jpg,31.jpg,1,2,1,AA,1,1,2.47,2
8,19,MEXICAN,FEMALE,39.jpg,8.jpg,1,2,2,AB,2,1,2.4,2
8,19,MEXICAN,FEMALE,6.jpg,6.jpg,1,2,1,AA,1,1,2.57,2
8,19,MEXICAN,FEMALE,30.jpg,30.jpg,1,2,2,AA,2,1,1.61,3
9,19,Hispanic,Male,16.jpg,35.jpg,1,2,2,AB,2,1,1.68,3
9,19,Hispanic,Male,40.jpg,46.jpg,2,2,2,AB,2,1,1.9,3
9,19,Hispanic,Male,27.jpg,17.jpg,1,2,1,AB,1,1,2.15,3
9,19,Hispanic,Male,19.jpg,8.jpg,1,1,1,AB,1,1,1.44,3
9,19,Hispanic,Male,26.jpg,26.jpg,2,1,2,AA,2,1,2.52,2
9,19,Hispanic,Male,2.jpg,2.jpg,1,2,1,AA,1,1,3.77,1
9,19,Hispanic,Male,33.jpg,33.jpg,1,2,1,AA,1,1,2.64,3
9,19,Hispanic,Male,48.jpg,9.jpg,1,2,1,AB,1,1,2.58,3
9,19,Hispanic,Male,10.jpg,10.jpg,1,2,2,AA,2,1,1.99,3
9,19,Hispanic,Male,30.jpg,43.jpg,2,1,1,AB,1,1,1.29,3
9,19,Hispanic,Male,11.jpg,11.jpg,2,1,1,AA,1,1,2.8,2
9,19,Hispanic,Male,12.jpg,12.jpg,2,1,2,AA,2,1,3.59,2
9,19,Hispanic,Male,31.jpg,31.jpg,1,2,1,AA,1,1,2.81,2
9,19,Hispanic,Male,23.jpg,41.jpg,2,1,1,AB,1,1,4.11,2
9,19,Hispanic,Male,36.jpg,34.jpg,2,2,1,AB,1,1,2.98,3
9,19,Hispanic,Male,39.jpg,39.jpg,1,2,2,AA,2,1,2.17,3
9,19,Hispanic,Male,47.jpg,47.jpg,2,1,1,AA,1,1,3.16,1
9,19,Hispanic,Male,1.jpg,21.jpg,1,1,1,AB,1,1,1.99,3
9,19,Hispanic,Male,25.jpg,13.jpg,1,1,2,AB,2,1,3.03,3
9,19,Hispanic,Male,38.jpg,14.jpg,2,1,2,AB,2,1,1.8,3
9,19,Hispanic,Male,22.jpg,22.jpg,1,2,2,AA,2,1,1.98,3
9,19,Hispanic,Male,42.jpg,37.jpg,2,2,1,AB,1,1,2.15,2
9,19,Hispanic,Male,6.jpg,4.jpg,1,2,2,AB,2,1,1.73,2
9,19,Hispanic,Male,15.jpg,15.jpg,1,2,1,AA,1,1,2.42,2
9,19,Hispanic,Male,3.jpg,3.jpg,2,1,2,AA,2,1,3.25,2
9,19,Hispanic,Male,28.jpg,28.jpg,2,1,1,AA,1,1,2.57,2
9,19,Hispanic,Male,24.jpg,24.jpg,1,2,2,AA,2,1,1.93,3
9,19,Hispanic,Male,20.jpg,20.jpg,2,1,1,AA,1,1,1.83,2
9,19,Hispanic,Male,45.jpg,18.jpg,2,1,2,AB,2,1,3.33,3
9,19,Hispanic,Male,7.jpg,7.jpg,2,1,2,AA,1,0,3.33,1
9,19,Hispanic,Male,44.jpg,32.jpg,1,1,2,AB,1,0,5.12,2